{
  "dataset": "dblp",
  "num_classes": 2,
  "fold_accs": [
    0.8675496688741722,
    0.9337748344370861,
    0.9139072847682119,
    0.8874172185430463,
    0.8145695364238411
  ],
  "mean_acc": 0.8834437086092717,
  "std_acc": 0.04116627885541734
}