{
  "dataset": "dblp",
  "num_classes": 2,
  "fold_accs": [
    0.9006622516556292,
    0.8211920529801324,
    0.8741721854304636,
    0.9006622516556292,
    0.9205298013245033
  ],
  "mean_acc": 0.8834437086092717,
  "std_acc": 0.03443708609271526
}