{
  "dataset": "dblp",
  "num_classes": 2,
  "fold_accs": [
    0.8543046357615894,
    0.8609271523178808,
    0.8675496688741722,
    0.847682119205298,
    0.8874172185430463
  ],
  "mean_acc": 0.8635761589403973,
  "std_acc": 0.013636596213227804
}