{
  "dataset": "dblp",
  "num_classes": 2,
  "seeds": [
    0,
    1,
    2,
    3,
    4,
    5,
    6,
    7,
    8,
    9
  ],
  "seed_accs": [
    0.9086092715231787,
    0.8635761589403973,
    0.8874172185430463,
    0.8940397350993378,
    0.8834437086092717,
    0.9046357615894038,
    0.9006622516556291,
    0.9033112582781457,
    0.8834437086092717,
    0.8980132450331126
  ],
  "mean_acc": 0.8927152317880795,
  "std_acc": 0.012841536046135941
}