{
  "dataset": "dblp",
  "num_classes": 2,
  "fold_accs": [
    0.9337748344370861,
    0.9072847682119205,
    0.8807947019867549,
    0.9139072847682119,
    0.8874172185430463
  ],
  "mean_acc": 0.9046357615894038,
  "std_acc": 0.01901019880053952
}