{
  "dataset": "dblp",
  "num_classes": 2,
  "fold_accs": [
    0.9139072847682119,
    0.9139072847682119,
    0.847682119205298,
    0.9205298013245033,
    0.8940397350993378
  ],
  "mean_acc": 0.8980132450331126,
  "std_acc": 0.02668800222464886
}