{
  "dataset": "dblp",
  "num_classes": 2,
  "fold_accs": [
    0.9006622516556292,
    0.8807947019867549,
    0.9139072847682119,
    0.9271523178807947,
    0.8807947019867549
  ],
  "mean_acc": 0.9006622516556291,
  "std_acc": 0.018257018214689048
}