{
  "dataset": "dblp",
  "num_classes": 2,
  "fold_accs": [
    0.9139072847682119,
    0.9072847682119205,
    0.9072847682119205,
    0.9205298013245033,
    0.8940397350993378
  ],
  "mean_acc": 0.9086092715231787,
  "std_acc": 0.008785761034054047
}