{
  "dataset": "dblp",
  "num_classes": 2,
  "fold_accs": [
    0.8874172185430463,
    0.8874172185430463,
    0.9139072847682119,
    0.8609271523178808,
    0.8874172185430463
  ],
  "mean_acc": 0.8874172185430463,
  "std_acc": 0.01675378892804441
}