{
  "dataset": "dblp",
  "num_classes": 2,
  "fold_accs": [
    0.9072847682119205,
    0.8675496688741722,
    0.9271523178807947,
    0.8807947019867549,
    0.8874172185430463
  ],
  "mean_acc": 0.8940397350993378,
  "std_acc": 0.02094223616005549
}