{
  "dataset": "dblp",
  "num_classes": 2,
  "fold_accs": [
    0.9006622516556292,
    0.8940397350993378,
    0.9205298013245033,
    0.8874172185430463,
    0.9139072847682119
  ],
  "mean_acc": 0.9033112582781457,
  "std_acc": 0.012282938404630083
}