{
  "dataset": "dynhcp_age",
  "num_classes": 3,
  "seeds": [
    0,
    1,
    2,
    3,
    4,
    5,
    6,
    7,
    8,
    9
  ],
  "seed_accs": [
    0.4372093023255814,
    0.4186046511627907,
    0.44651162790697674,
    0.46511627906976744,
    0.40930232558139534,
    0.4697674418604651,
    0.4186046511627907,
    0.42790697674418604,
    0.42790697674418604,
    0.4744186046511628
  ],
  "mean_acc": 0.4395348837209302,
  "std_acc": 0.022135821459145662
}