{
  "dataset": "dynhcp_gender",
  "num_classes": 2,
  "seeds": [
    0,
    1,
    2,
    3,
    4,
    5,
    6,
    7,
    8,
    9
  ],
  "seed_accs": [
    0.5925925925925926,
    0.625,
    0.5277777777777778,
    0.5694444444444444,
    0.5370370370370371,
    0.5648148148148148,
    0.5231481481481481,
    0.5046296296296297,
    0.5509259259259259,
    0.5231481481481481
  ],
  "mean_acc": 0.5518518518518518,
  "std_acc": 0.034879274447846956
}