{
  "dataset": "dynhcp_task",
  "num_classes": 7,
  "seeds": [
    0,
    1,
    2,
    3,
    4,
    5,
    6,
    7,
    8,
    9
  ],
  "seed_accs": [
    0.31900604432505036,
    0.26527871054398927,
    0.2941571524513096,
    0.24983210208193418,
    0.18603089321692412,
    0.3149764942914708,
    0.1524513096037609,
    0.2269979852249832,
    0.2706514439220954,
    0.3525856279382136
  ],
  "mean_acc": 0.26319677635997313,
  "std_acc": 0.058747536713428236
}