{
  "dataset": "facebook",
  "num_classes": 2,
  "fold_accs": [
    0.6030150753768844,
    0.7286432160804021,
    0.8040201005025126,
    0.6482412060301508,
    0.6180904522613065
  ],
  "mean_acc": 0.6804020100502512,
  "std_acc": 0.07551745686098173
}