{
  "dataset": "facebook",
  "num_classes": 2,
  "fold_accs": [
    0.7236180904522613,
    0.7286432160804021,
    0.6683417085427136,
    0.6984924623115578,
    0.6331658291457286
  ],
  "mean_acc": 0.6904522613065327,
  "std_acc": 0.03575969221036625
}