{
  "dataset": "facebook",
  "num_classes": 2,
  "fold_accs": [
    0.7487437185929648,
    0.6884422110552764,
    0.6984924623115578,
    0.678391959798995,
    0.7487437185929648
  ],
  "mean_acc": 0.7125628140703518,
  "std_acc": 0.03021768116255861
}