{
  "dataset": "facebook",
  "num_classes": 2,
  "fold_accs": [
    0.5979899497487438,
    0.6934673366834171,
    0.7386934673366834,
    0.7236180904522613,
    0.7035175879396985
  ],
  "mean_acc": 0.6914572864321609,
  "std_acc": 0.04929748128012349
}