{
  "dataset": "facebook",
  "num_classes": 2,
  "fold_accs": [
    0.7437185929648241,
    0.5979899497487438,
    0.6884422110552764,
    0.5979899497487438,
    0.7738693467336684
  ],
  "mean_acc": 0.6804020100502514,
  "std_acc": 0.07265435003790076
}