{
  "dataset": "facebook",
  "num_classes": 2,
  "fold_accs": [
    0.7135678391959799,
    0.7085427135678392,
    0.6984924623115578,
    0.7939698492462312,
    0.7487437185929648
  ],
  "mean_acc": 0.7326633165829146,
  "std_acc": 0.035017590734038886
}