{
  "dataset": "facebook",
  "num_classes": 2,
  "fold_accs": [
    0.7236180904522613,
    0.6984924623115578,
    0.7286432160804021,
    0.7889447236180904,
    0.7035175879396985
  ],
  "mean_acc": 0.7286432160804021,
  "std_acc": 0.032254887509308945
}