{
  "dataset": "facebook",
  "num_classes": 2,
  "fold_accs": [
    0.6231155778894473,
    0.5577889447236181,
    0.6683417085427136,
    0.7085427135678392,
    0.6984924623115578
  ],
  "mean_acc": 0.6512562814070352,
  "std_acc": 0.055376793221933306
}