{
  "dataset": "facebook",
  "num_classes": 2,
  "seeds": [
    0,
    1,
    2,
    3,
    4,
    5,
    6,
    7,
    8,
    9
  ],
  "seed_accs": [
    0.6512562814070352,
    0.7125628140703518,
    0.6914572864321609,
    0.7216080402010049,
    0.7286432160804021,
    0.6804020100502514,
    0.7326633165829146,
    0.6804020100502512,
    0.7296482412060302,
    0.6904522613065327
  ],
  "mean_acc": 0.7019095477386934,
  "std_acc": 0.025812520312705145
}