{
  "dataset": "facebook",
  "num_classes": 2,
  "fold_accs": [
    0.7135678391959799,
    0.7437185929648241,
    0.7638190954773869,
    0.6834170854271356,
    0.7035175879396985
  ],
  "mean_acc": 0.7216080402010049,
  "std_acc": 0.02870926001424261
}