{
  "dataset": "facebook",
  "num_classes": 2,
  "fold_accs": [
    0.7035175879396985,
    0.7286432160804021,
    0.7085427135678392,
    0.7386934673366834,
    0.7688442211055276
  ],
  "mean_acc": 0.7296482412060302,
  "std_acc": 0.023441012642594166
}