{
  "dataset": "highschool",
  "num_classes": 2,
  "fold_accs": [
    0.6944444444444444,
    0.6666666666666666,
    0.5833333333333334,
    0.5555555555555556,
    0.6666666666666666
  ],
  "mean_acc": 0.6333333333333333,
  "std_acc": 0.05386310952684807
}