{
  "dataset": "highschool",
  "num_classes": 2,
  "fold_accs": [
    0.8333333333333334,
    0.4722222222222222,
    0.7222222222222222,
    0.4722222222222222,
    0.7222222222222222
  ],
  "mean_acc": 0.6444444444444445,
  "std_acc": 0.14635488747021658
}