{
  "dataset": "highschool",
  "num_classes": 2,
  "fold_accs": [
    0.6111111111111112,
    0.5,
    0.6111111111111112,
    0.6944444444444444,
    0.5833333333333334
  ],
  "mean_acc": 0.6000000000000001,
  "std_acc": 0.062360956446232345
}