{
  "dataset": "highschool",
  "num_classes": 2,
  "seeds": [
    0,
    1,
    2,
    3,
    4,
    5,
    6,
    7,
    8,
    9
  ],
  "seed_accs": [
    0.6444444444444445,
    0.5166666666666667,
    0.5833333333333334,
    0.6333333333333333,
    0.5888888888888889,
    0.55,
    0.5833333333333333,
    0.6000000000000001,
    0.5277777777777778,
    0.6277777777777778
  ],
  "mean_acc": 0.5855555555555556,
  "std_acc": 0.04136557881996951
}