{
  "dataset": "highschool",
  "num_classes": 2,
  "fold_accs": [
    0.5,
    0.6666666666666666,
    0.6111111111111112,
    0.5,
    0.4722222222222222
  ],
  "mean_acc": 0.55,
  "std_acc": 0.0753592220347252
}