{
  "dataset": "highschool",
  "num_classes": 2,
  "fold_accs": [
    0.5,
    0.7222222222222222,
    0.6388888888888888,
    0.5833333333333334,
    0.5
  ],
  "mean_acc": 0.5888888888888889,
  "std_acc": 0.08498365855987974
}