{
  "dataset": "highschool",
  "num_classes": 2,
  "fold_accs": [
    0.5277777777777778,
    0.5,
    0.7222222222222222,
    0.7777777777777778,
    0.6111111111111112
  ],
  "mean_acc": 0.6277777777777778,
  "std_acc": 0.1077262190536962
}