{
  "dataset": "highschool",
  "num_classes": 2,
  "fold_accs": [
    0.3611111111111111,
    0.5,
    0.5555555555555556,
    0.5555555555555556,
    0.6111111111111112
  ],
  "mean_acc": 0.5166666666666667,
  "std_acc": 0.08534606386520678
}