{
  "dataset": "highschool",
  "num_classes": 2,
  "fold_accs": [
    0.5,
    0.6388888888888888,
    0.5555555555555556,
    0.5,
    0.7222222222222222
  ],
  "mean_acc": 0.5833333333333334,
  "std_acc": 0.08606629658238703
}