{
  "dataset": "highschool",
  "num_classes": 2,
  "fold_accs": [
    0.5,
    0.5555555555555556,
    0.5,
    0.5833333333333334,
    0.5
  ],
  "mean_acc": 0.5277777777777778,
  "std_acc": 0.03513641844631534
}