{
  "dataset": "highschool",
  "num_classes": 2,
  "fold_accs": [
    0.7222222222222222,
    0.5277777777777778,
    0.5,
    0.6666666666666666,
    0.5
  ],
  "mean_acc": 0.5833333333333333,
  "std_acc": 0.09296222517045283
}