{
  "dataset": "infectious",
  "num_classes": 2,
  "fold_accs": [
    0.675,
    0.725,
    0.7,
    0.725,
    0.7
  ],
  "mean_acc": 0.7049999999999998,
  "std_acc": 0.018708286933869687
}