{
  "dataset": "infectious",
  "num_classes": 2,
  "fold_accs": [
    0.675,
    0.675,
    0.75,
    0.65,
    0.65
  ],
  "mean_acc": 0.6799999999999999,
  "std_acc": 0.03674234614174766
}