{
  "dataset": "infectious",
  "num_classes": 2,
  "fold_accs": [
    0.725,
    0.8,
    0.675,
    0.75,
    0.7
  ],
  "mean_acc": 0.7300000000000001,
  "std_acc": 0.043011626335213146
}