{
  "dataset": "infectious",
  "num_classes": 2,
  "fold_accs": [
    0.725,
    0.575,
    0.675,
    0.85,
    0.7
  ],
  "mean_acc": 0.7049999999999998,
  "std_acc": 0.08860022573334675
}