{
  "dataset": "infectious",
  "num_classes": 2,
  "seeds": [
    0,
    1,
    2,
    3,
    4,
    5,
    6,
    7,
    8,
    9
  ],
  "seed_accs": [
    0.7049999999999998,
    0.6799999999999999,
    0.635,
    0.64,
    0.66,
    0.655,
    0.7049999999999998,
    0.7300000000000001,
    0.695,
    0.68
  ],
  "mean_acc": 0.6785,
  "std_acc": 0.029330018752124907
}