{
  "dataset": "mit",
  "num_classes": 2,
  "fold_accs": [
    0.5,
    0.5,
    0.5789473684210527,
    0.7894736842105263,
    0.7894736842105263
  ],
  "mean_acc": 0.631578947368421,
  "std_acc": 0.13210421471590666
}