{
  "dataset": "mit",
  "num_classes": 2,
  "fold_accs": [
    0.5,
    0.6,
    0.47368421052631576,
    0.8947368421052632,
    0.5263157894736842
  ],
  "mean_acc": 0.5989473684210526,
  "std_acc": 0.15378511467578676
}