{
  "dataset": "mit",
  "num_classes": 2,
  "fold_accs": [
    0.7,
    0.8,
    0.8421052631578947,
    0.5789473684210527,
    0.47368421052631576
  ],
  "mean_acc": 0.6789473684210526,
  "std_acc": 0.13700395287178058
}