{
  "dataset": "mit",
  "num_classes": 2,
  "fold_accs": [
    0.5,
    0.5,
    0.7368421052631579,
    0.5263157894736842,
    0.6842105263157895
  ],
  "mean_acc": 0.5894736842105263,
  "std_acc": 0.10069013931425784
}