{
  "dataset": "mit",
  "num_classes": 2,
  "fold_accs": [
    0.6,
    0.5,
    0.7368421052631579,
    0.5789473684210527,
    0.47368421052631576
  ],
  "mean_acc": 0.5778947368421053,
  "std_acc": 0.09239203476838606
}