{
  "dataset": "mit",
  "num_classes": 2,
  "fold_accs": [
    0.5,
    0.55,
    0.7894736842105263,
    0.5263157894736842,
    0.5263157894736842
  ],
  "mean_acc": 0.578421052631579,
  "std_acc": 0.10670590229451947
}