{
  "dataset": "mit",
  "num_classes": 2,
  "fold_accs": [
    0.75,
    0.5,
    0.7368421052631579,
    0.5789473684210527,
    0.5789473684210527
  ],
  "mean_acc": 0.6289473684210527,
  "std_acc": 0.09790039598809616
}