{
  "dataset": "mit",
  "num_classes": 2,
  "fold_accs": [
    0.75,
    0.8,
    0.5263157894736842,
    0.5263157894736842,
    0.47368421052631576
  ],
  "mean_acc": 0.6152631578947368,
  "std_acc": 0.13277769728951822
}