{
  "dataset": "mit",
  "num_classes": 2,
  "fold_accs": [
    0.5,
    0.6,
    0.8421052631578947,
    0.8421052631578947,
    0.6842105263157895
  ],
  "mean_acc": 0.6936842105263158,
  "std_acc": 0.13448990529418473
}