{
  "dataset": "mit",
  "num_classes": 2,
  "seeds": [
    0,
    1,
    2,
    3,
    4,
    5,
    6,
    7,
    8,
    9
  ],
  "seed_accs": [
    0.6936842105263158,
    0.631578947368421,
    0.5789473684210525,
    0.6289473684210527,
    0.5894736842105263,
    0.578421052631579,
    0.6789473684210526,
    0.6152631578947368,
    0.5778947368421053,
    0.5989473684210526
  ],
  "mean_acc": 0.6172105263157894,
  "std_acc": 0.03952841819343834
}