{
  "dataset": "mit",
  "num_classes": 2,
  "fold_accs": [
    0.5,
    0.5,
    0.6842105263157895,
    0.5263157894736842,
    0.6842105263157895
  ],
  "mean_acc": 0.5789473684210525,
  "std_acc": 0.08648250907976308
}