{
  "dataset": "pemsbay",
  "num_classes": 3,
  "seeds": [
    0,
    1,
    2,
    3,
    4,
    5,
    6,
    7,
    8,
    9
  ],
  "seed_accs": [
    0.38,
    0.399815668202765,
    0.399815668202765,
    0.39013824884792625,
    0.3800233063191906,
    0.3896774193548387,
    0.38,
    0.39013824884792625,
    0.3694242279781768,
    0.38
  ],
  "mean_acc": 0.38590327877535885,
  "std_acc": 0.00920816231103999
}