{
  "dataset": "pemsbay",
  "num_classes": 3,
  "fold_accs": [
    0.4,
    0.4009216589861751,
    0.35023041474654376,
    0.35023041474654376,
    0.3986175115207373
  ],
  "mean_acc": 0.38,
  "std_acc": 0.024317828695359242
}