{
  "dataset": "pems04",
  "num_classes": 3,
  "seeds": [
    0,
    1,
    2,
    3,
    4,
    5,
    6,
    7,
    8,
    9
  ],
  "seed_accs": [
    0.3687244031565279,
    0.3997103186494856,
    0.38985116371990813,
    0.3997103186494856,
    0.3997103186494856,
    0.38985116371990813,
    0.38985116371990813,
    0.38985116371990813,
    0.3799920087903307,
    0.37985216262111676
  ],
  "mean_acc": 0.3887104185396065,
  "std_acc": 0.009602701614201395
}