{
  "dataset": "pems04",
  "num_classes": 3,
  "fold_accs": [
    0.4014084507042254,
    0.24647887323943662,
    0.4014084507042254,
    0.3971631205673759,
    0.3971631205673759
  ],
  "mean_acc": 0.3687244031565279,
  "std_acc": 0.06115224412702921
}