{
  "dataset": "pems04",
  "num_classes": 3,
  "fold_accs": [
    0.4014084507042254,
    0.4014084507042254,
    0.4014084507042254,
    0.3971631205673759,
    0.3971631205673759
  ],
  "mean_acc": 0.3997103186494856,
  "std_acc": 0.0020797785249882152
}