{
  "dataset": "pems08",
  "num_classes": 2,
  "fold_accs": [
    0.6442953020134228,
    0.6510067114093959,
    0.6510067114093959,
    0.6510067114093959,
    0.6486486486486487
  ],
  "mean_acc": 0.6491928169780519,
  "std_acc": 0.0026135191227031128
}