{
  "dataset": "pems04",
  "num_classes": 2,
  "seeds": [
    0,
    1,
    2,
    3,
    4,
    5,
    6,
    7,
    8,
    9
  ],
  "seed_accs": [
    0.5887323943661972,
    0.6497253021676157,
    0.6497253021676157,
    0.6497253021676157,
    0.6497253021676157,
    0.6497253021676157,
    0.6497253021676157,
    0.6497253021676157,
    0.6497253021676157,
    0.6497253021676157
  ],
  "mean_acc": 0.6436260113874738,
  "std_acc": 0.01829787234042556
}