{
  "dataset": "pems04",
  "num_classes": 3,
  "fold_accs": [
    0.4014084507042254,
    0.4014084507042254,
    0.4014084507042254,
    0.3475177304964539,
    0.3475177304964539
  ],
  "mean_acc": 0.37985216262111676,
  "std_acc": 0.026400953276026873
}