{
  "dataset": "pemsbay",
  "num_classes": 3,
  "fold_accs": [
    0.34942528735632183,
    0.35023041474654376,
    0.35023041474654376,
    0.3986175115207373,
    0.3986175115207373
  ],
  "mean_acc": 0.3694242279781768,
  "std_acc": 0.023838029141398306
}