{
  "dataset": "pems08",
  "num_classes": 3,
  "fold_accs": [
    0.35570469798657717,
    0.348993288590604,
    0.40268456375838924,
    0.40268456375838924,
    0.25
  ],
  "mean_acc": 0.3520134228187919,
  "std_acc": 0.05579357347682126
}