{
  "dataset": "pems08",
  "num_classes": 3,
  "fold_accs": [
    0.3959731543624161,
    0.40268456375838924,
    0.40268456375838924,
    0.40268456375838924,
    0.35135135135135137
  ],
  "mean_acc": 0.391075639397787,
  "std_acc": 0.020031505625167104
}