{
  "dataset": "pems04",
  "num_classes": 2,
  "fold_accs": [
    0.647887323943662,
    0.647887323943662,
    0.647887323943662,
    0.6524822695035462,
    0.6524822695035462
  ],
  "mean_acc": 0.6497253021676157,
  "std_acc": 0.0022510544035166695
}