{
  "dataset": "pems08",
  "num_classes": 3,
  "seeds": [
    0,
    1,
    2,
    3,
    4,
    5,
    6,
    7,
    8,
    9
  ],
  "seed_accs": [
    0.391075639397787,
    0.4005350988572465,
    0.38033738436423,
    0.37905858879013243,
    0.3520134228187919,
    0.36959912933067296,
    0.4005350988572465,
    0.38979684382368945,
    0.4005350988572465,
    0.4005350988572465
  ],
  "mean_acc": 0.386402140395429,
  "std_acc": 0.015453031279106246
}