{
  "dataset": "pems04",
  "num_classes": 3,
  "fold_accs": [
    0.4014084507042254,
    0.352112676056338,
    0.4014084507042254,
    0.3971631205673759,
    0.3971631205673759
  ],
  "mean_acc": 0.38985116371990813,
  "std_acc": 0.018964517615207795
}