{
  "dataset": "pems08",
  "num_classes": 3,
  "fold_accs": [
    0.3959731543624161,
    0.348993288590604,
    0.40268456375838924,
    0.348993288590604,
    0.39864864864864863
  ],
  "mean_acc": 0.37905858879013243,
  "std_acc": 0.024641039828446988
}