{
  "dataset": "pemsbay",
  "num_classes": 3,
  "fold_accs": [
    0.4,
    0.4009216589861751,
    0.4009216589861751,
    0.3986175115207373,
    0.3986175115207373
  ],
  "mean_acc": 0.399815668202765,
  "std_acc": 0.0010345596461126072
}