{
  "dataset": "pems08",
  "num_classes": 3,
  "fold_accs": [
    0.3959731543624161,
    0.40268456375838924,
    0.40268456375838924,
    0.348993288590604,
    0.39864864864864863
  ],
  "mean_acc": 0.38979684382368945,
  "std_acc": 0.020560243337178315
}