{
  "dataset": "pemsbay",
  "num_classes": 2,
  "seeds": [
    0,
    1,
    2,
    3,
    4,
    5,
    6,
    7,
    8,
    9
  ],
  "seed_accs": [
    0.6499306107315006,
    0.6499306107315006,
    0.6499306107315006,
    0.6499306107315006,
    0.6499306107315006,
    0.6499306107315006,
    0.6499306107315006,
    0.6499306107315006,
    0.6499306107315006,
    0.6499306107315006
  ],
  "mean_acc": 0.6499306107315006,
  "std_acc": 0.0
}