{
  "dataset": "pemsbay",
  "num_classes": 2,
  "fold_accs": [
    0.6505747126436782,
    0.6497695852534562,
    0.6497695852534562,
    0.6497695852534562,
    0.6497695852534562
  ],
  "mean_acc": 0.6499306107315006,
  "std_acc": 0.000322050956088793
}