{
  "dataset": "pems04",
  "num_classes": 3,
  "fold_accs": [
    0.352112676056338,
    0.352112676056338,
    0.4014084507042254,
    0.3971631205673759,
    0.3971631205673759
  ],
  "mean_acc": 0.3799920087903307,
  "std_acc": 0.022816101906136987
}