{
  "dataset": "pems04",
  "num_classes": 2,
  "fold_accs": [
    0.647887323943662,
    0.647887323943662,
    0.647887323943662,
    0.3475177304964539,
    0.6524822695035462
  ],
  "mean_acc": 0.5887323943661972,
  "std_acc": 0.12062046072351514
}