{
  "dataset": "pemsbay",
  "num_classes": 3,
  "fold_accs": [
    0.34942528735632183,
    0.4009216589861751,
    0.4009216589861751,
    0.35023041474654376,
    0.3986175115207373
  ],
  "mean_acc": 0.3800233063191906,
  "std_acc": 0.02467015163381089
}