{
  "dataset": "pems08",
  "num_classes": 3,
  "fold_accs": [
    0.3959731543624161,
    0.40268456375838924,
    0.348993288590604,
    0.40268456375838924,
    0.35135135135135137
  ],
  "mean_acc": 0.38033738436423,
  "std_acc": 0.024762522516397937
}