{
  "dataset": "pems08",
  "num_classes": 2,
  "seeds": [
    0,
    1,
    2,
    3,
    4,
    5,
    6,
    7,
    8,
    9
  ],
  "seed_accs": [
    0.6491928169780519,
    0.6491928169780519,
    0.6491928169780519,
    0.6491928169780519,
    0.6491928169780519,
    0.6491928169780519,
    0.6491928169780519,
    0.6491928169780519,
    0.6491928169780519,
    0.6491928169780519
  ],
  "mean_acc": 0.6491928169780519,
  "std_acc": 0.0
}