{
  "dataset": "pems08",
  "num_classes": 3,
  "fold_accs": [
    0.3959731543624161,
    0.40268456375838924,
    0.40268456375838924,
    0.40268456375838924,
    0.39864864864864863
  ],
  "mean_acc": 0.4005350988572465,
  "std_acc": 0.0027651629263812315
}