{
  "dataset": "tumblr",
  "num_classes": 2,
  "fold_accs": [
    0.6,
    0.5866666666666667,
    0.6533333333333333,
    0.5135135135135135,
    0.6216216216216216
  ],
  "mean_acc": 0.595027027027027,
  "std_acc": 0.04657462138890323
}