{
  "dataset": "tumblr",
  "num_classes": 2,
  "fold_accs": [
    0.6,
    0.5733333333333334,
    0.6,
    0.6081081081081081,
    0.5
  ],
  "mean_acc": 0.5762882882882883,
  "std_acc": 0.03991397290851224
}