{
  "dataset": "tumblr",
  "num_classes": 2,
  "fold_accs": [
    0.5333333333333333,
    0.5466666666666666,
    0.6266666666666667,
    0.5945945945945946,
    0.5
  ],
  "mean_acc": 0.5602522522522523,
  "std_acc": 0.04501066796328147
}