{
  "dataset": "tumblr",
  "num_classes": 2,
  "fold_accs": [
    0.5866666666666667,
    0.5733333333333334,
    0.6,
    0.581081081081081,
    0.527027027027027
  ],
  "mean_acc": 0.5736216216216217,
  "std_acc": 0.02487076571840628
}