{
  "dataset": "tumblr",
  "num_classes": 2,
  "fold_accs": [
    0.5733333333333334,
    0.5466666666666666,
    0.49333333333333335,
    0.527027027027027,
    0.527027027027027
  ],
  "mean_acc": 0.5334774774774775,
  "std_acc": 0.026295295733511883
}