{
  "dataset": "tumblr",
  "num_classes": 2,
  "fold_accs": [
    0.5866666666666667,
    0.6,
    0.6133333333333333,
    0.6216216216216216,
    0.5675675675675675
  ],
  "mean_acc": 0.5978378378378377,
  "std_acc": 0.019243378209197033
}