{
  "dataset": "tumblr",
  "num_classes": 2,
  "fold_accs": [
    0.5466666666666666,
    0.68,
    0.56,
    0.581081081081081,
    0.6216216216216216
  ],
  "mean_acc": 0.5978738738738738,
  "std_acc": 0.048264401783369645
}