{
  "dataset": "tumblr",
  "num_classes": 2,
  "seeds": [
    0,
    1,
    2,
    3,
    4,
    5,
    6,
    7,
    8,
    9
  ],
  "seed_accs": [
    0.5602522522522523,
    0.5334774774774775,
    0.5682162162162163,
    0.5978738738738738,
    0.5762882882882883,
    0.5736216216216217,
    0.5848288288288288,
    0.595027027027027,
    0.5978378378378377,
    0.5950990990990992
  ],
  "mean_acc": 0.5782522522522522,
  "std_acc": 0.01957515324237077
}