{
  "dataset": "tumblr",
  "num_classes": 2,
  "fold_accs": [
    0.5066666666666667,
    0.5466666666666666,
    0.56,
    0.6486486486486487,
    0.6621621621621622
  ],
  "mean_acc": 0.5848288288288288,
  "std_acc": 0.06039132189651968
}