{
  "dataset": "tumblr",
  "num_classes": 2,
  "fold_accs": [
    0.5466666666666666,
    0.56,
    0.6533333333333333,
    0.5405405405405406,
    0.5405405405405406
  ],
  "mean_acc": 0.5682162162162163,
  "std_acc": 0.043147882843169734
}