{
  "dataset": "tumblr",
  "num_classes": 2,
  "fold_accs": [
    0.6133333333333333,
    0.6133333333333333,
    0.5866666666666667,
    0.6216216216216216,
    0.5405405405405406
  ],
  "mean_acc": 0.5950990990990992,
  "std_acc": 0.029719222822579827
}