{
  "param": "label_smoothing",
  "values": [
    0.0,
    0.05,
    0.1,
    0.15,
    0.2
  ],
  "datasets": {
    "infectious": {
      "values": [
        0.0,
        0.05,
        0.1,
        0.15,
        0.2
      ],
      "means": [
        0.7116666666666666,
        0.705,
        0.7050000000000001,
        0.6983333333333333,
        0.6766666666666667
      ],
      "stds": [
        0.014337208778404305,
        0.0070710678118655074,
        0.03535533905932743,
        0.024608038433722355,
        0.016996731711975927
      ],
      "default_val": 0.1
    },
    "dblp": {
      "values": [
        0.0,
        0.05,
        0.1,
        0.15,
        0.2
      ],
      "means": [
        0.9311258278145695,
        0.944812362030905,
        0.9386313465783663,
        0.9333333333333332,
        0.939514348785872
      ],
      "stds": [
        0.0038992321705641204,
        0.0040943128015433795,
        0.0040943128015433795,
        0.0024975073949194434,
        0.006336732933513157
      ],
      "default_val": 0.1
    },
    "tumblr": {
      "values": [
        0.0,
        0.05,
        0.1,
        0.15,
        0.2
      ],
      "means": [
        0.5827387387387387,
        0.5602402402402402,
        0.5745705705705705,
        0.5584384384384385,
        0.5629309309309309
      ],
      "stds": [
        0.01763310175859547,
        0.020822974401597735,
        0.007669403933398641,
        0.02725646489996101,
        0.00380521126692585
      ],
      "default_val": 0.1
    },
    "mit": {
      "values": [
        0.0,
        0.05,
        0.1,
        0.15,
        0.2
      ],
      "means": [
        0.7212280701754387,
        0.6807017543859649,
        0.7378947368421053,
        0.686842105263158,
        0.7149122807017544
      ],
      "stds": [
        0.03176649957954272,
        0.05888676918547249,
        0.03184391759377756,
        0.03457965499022281,
        0.004061697158873724
      ],
      "default_val": 0.1
    },
    "highschool": {
      "values": [
        0.0,
        0.05,
        0.1,
        0.15,
        0.2
      ],
      "means": [
        0.6111111111111112,
        0.6148148148148148,
        0.5907407407407407,
        0.5833333333333334,
        0.6185185185185186
      ],
      "stds": [
        0.007856742013183886,
        0.024982847339318687,
        0.013094570021973083,
        0.02400274332743652,
        0.02143673500516706
      ],
      "default_val": 0.1
    }
  }
}