{
  "param": "weight_decay",
  "values": [
    0.0,
    1e-05,
    0.0001,
    0.001
  ],
  "datasets": {
    "infectious": {
      "values": [
        0.0,
        1e-05,
        0.0001,
        0.001
      ],
      "means": [
        0.7066666666666667,
        0.6833333333333332,
        0.7050000000000001,
        0.6933333333333334
      ],
      "stds": [
        0.018408935028645497,
        0.015456030825826165,
        0.004082482904638679,
        0.020138409955991022
      ],
      "default_val": 0.0001
    },
    "dblp": {
      "values": [
        0.0,
        1e-05,
        0.0001,
        0.001
      ],
      "means": [
        0.9399558498896248,
        0.9377483443708609,
        0.9390728476821192,
        0.9373068432671081
      ],
      "stds": [
        0.0022512227433080724,
        0.00561939163856865,
        0.00216290485013971,
        0.007971509971420725
      ],
      "default_val": 0.0001
    },
    "tumblr": {
      "values": [
        0.0,
        1e-05,
        0.0001,
        0.001
      ],
      "means": [
        0.5673633633633633,
        0.5853933933933934,
        0.5897657657657657,
        0.5645885885885886
      ],
      "stds": [
        0.0035474707204537635,
        0.01446454745379032,
        0.006812685443584142,
        0.008344259806403536
      ],
      "default_val": 0.0001
    },
    "mit": {
      "values": [
        0.0,
        1e-05,
        0.0001,
        0.001
      ],
      "means": [
        0.7385964912280701,
        0.7080701754385966,
        0.7150877192982455,
        0.7143859649122808
      ],
      "stds": [
        0.010316624861746797,
        0.03599613535564207,
        0.013079297417274273,
        0.057050193081398144
      ],
      "default_val": 0.0001
    },
    "highschool": {
      "values": [
        0.0,
        1e-05,
        0.0001,
        0.001
      ],
      "means": [
        0.6425925925925925,
        0.6277777777777778,
        0.6203703703703703,
        0.5944444444444444
      ],
      "stds": [
        0.014581496062984835,
        0.03875638803047472,
        0.011415581486979635,
        0.01571348402636772
      ],
      "default_val": 0.0001
    }
  }
}