{
  "param": "lr",
  "values": [
    0.01,
    0.005,
    0.001,
    0.0005,
    0.0001
  ],
  "datasets": {
    "infectious": {
      "values": [
        0.01,
        0.005,
        0.001,
        0.0005,
        0.0001
      ],
      "means": [
        0.7433333333333333,
        0.7066666666666667,
        0.6749999999999999,
        0.6816666666666666,
        0.6416666666666666
      ],
      "stds": [
        0.022484562605386664,
        0.022484562605386706,
        0.010801234497346443,
        0.028963578661637925,
        0.014337208778404343
      ],
      "default_val": 0.001
    },
    "dblp": {
      "values": [
        0.01,
        0.005,
        0.001,
        0.0005,
        0.0001
      ],
      "means": [
        0.9417218543046357,
        0.9333333333333335,
        0.9289183222958058,
        0.9222958057395143,
        0.8860927152317881
      ],
      "stds": [
        0.005619391638568493,
        0.009753078160871773,
        0.008741275882217882,
        0.004370637941108941,
        0.003746261092379047
      ],
      "default_val": 0.001
    },
    "tumblr": {
      "values": [
        0.01,
        0.005,
        0.001,
        0.0005,
        0.0001
      ],
      "means": [
        0.5772372372372373,
        0.5530090090090091,
        0.5665225225225224,
        0.570006006006006,
        0.5843963963963964
      ],
      "stds": [
        0.021514777722189276,
        0.02125144579252422,
        0.012815054858893116,
        0.006870282845120527,
        0.010064446177542267
      ],
      "default_val": 0.001
    },
    "mit": {
      "values": [
        0.01,
        0.005,
        0.001,
        0.0005,
        0.0001
      ],
      "means": [
        0.7221052631578946,
        0.7049122807017544,
        0.6333333333333334,
        0.6026315789473685,
        0.6296491228070176
      ],
      "stds": [
        0.029776018286611416,
        0.04290756095747203,
        0.04111181818330002,
        0.03424155138398228,
        0.017647064858567804
      ],
      "default_val": 0.001
    },
    "highschool": {
      "values": [
        0.01,
        0.005,
        0.001,
        0.0005,
        0.0001
      ],
      "means": [
        0.5981481481481481,
        0.6314814814814814,
        0.561111111111111,
        0.5555555555555556,
        0.5462962962962964
      ],
      "stds": [
        0.036383116119237974,
        0.013094570021973107,
        0.02832788618662657,
        0.01814436846506056,
        0.011415581486979546
      ],
      "default_val": 0.001
    }
  }
}