{
  "param": "gin_hidden",
  "values": [
    16,
    32,
    64,
    128,
    256
  ],
  "datasets": {
    "infectious": {
      "values": [
        16,
        32,
        64,
        128,
        256
      ],
      "means": [
        0.7116666666666666,
        0.6883333333333334,
        0.7166666666666667,
        0.6766666666666667,
        0.6666666666666666
      ],
      "stds": [
        0.013123346456686344,
        0.020138409955991,
        0.008498365855987946,
        0.013123346456686363,
        0.019293061504650356
      ],
      "default_val": 64
    },
    "dblp": {
      "values": [
        16,
        32,
        64,
        128,
        256
      ],
      "means": [
        0.9315673289183222,
        0.9399558498896247,
        0.9373068432671081,
        0.9324503311258279,
        0.9280353200883003
      ],
      "stds": [
        0.005110744769443801,
        0.0076724711686458735,
        0.0043706379411088585,
        0.004955837598376095,
        0.00720066509064018
      ],
      "default_val": 64
    },
    "tumblr": {
      "values": [
        16,
        32,
        64,
        128,
        256
      ],
      "means": [
        0.5896576576576577,
        0.5772492492492493,
        0.562954954954955,
        0.5718438438438438,
        0.5746426426426426
      ],
      "stds": [
        0.008025983828566868,
        0.02509326847130569,
        0.025299778289229875,
        0.01441754720711091,
        0.028172012261950707
      ],
      "default_val": 64
    },
    "mit": {
      "values": [
        16,
        32,
        64,
        128,
        256
      ],
      "means": [
        0.7017543859649122,
        0.7147368421052631,
        0.7142105263157895,
        0.6973684210526315,
        0.7043859649122807
      ],
      "stds": [
        0.038056024534699605,
        0.027539948319897062,
        0.03897817653013078,
        0.01829783350530868,
        0.05214039810155824
      ],
      "default_val": 64
    },
    "highschool": {
      "values": [
        16,
        32,
        64,
        128,
        256
      ],
      "means": [
        0.6277777777777778,
        0.637037037037037,
        0.6240740740740741,
        0.6240740740740741,
        0.5907407407407409
      ],
      "stds": [
        0.03600411499115481,
        0.015930231976004856,
        0.03020278968574091,
        0.009442628728875597,
        0.030202789685740937
      ],
      "default_val": 64
    }
  }
}