{
  "param": "dropout",
  "values": [
    0.0,
    0.1,
    0.2,
    0.3,
    0.5
  ],
  "datasets": {
    "infectious": {
      "values": [
        0.0,
        0.1,
        0.2,
        0.3,
        0.5
      ],
      "means": [
        0.7083333333333334,
        0.71,
        0.71,
        0.7016666666666665,
        0.6933333333333334
      ],
      "stds": [
        0.016499158227686085,
        0.014719601443879732,
        0.03559026084010438,
        0.024608038433722394,
        0.010274023338281684
      ],
      "default_val": 0.3
    },
    "dblp": {
      "values": [
        0.0,
        0.1,
        0.2,
        0.3,
        0.5
      ],
      "means": [
        0.9350993377483444,
        0.9355408388520972,
        0.9143487858719647,
        0.9125827814569535,
        0.7766004415011037
      ],
      "stds": [
        0.005722508342964996,
        0.004995014789838678,
        0.017246821178476517,
        0.010429149502002303,
        0.017846695745172395
      ],
      "default_val": 0.3
    },
    "tumblr": {
      "values": [
        0.0,
        0.1,
        0.2,
        0.3,
        0.5
      ],
      "means": [
        0.5638198198198198,
        0.5754954954954955,
        0.5736696696696697,
        0.5629309309309309,
        0.5655375375375375
      ],
      "stds": [
        0.005542759388707076,
        0.027811369673101376,
        0.00566781157520398,
        0.013686906278467284,
        0.010042113883962173
      ],
      "default_val": 0.3
    },
    "mit": {
      "values": [
        0.0,
        0.1,
        0.2,
        0.3,
        0.5
      ],
      "means": [
        0.6977192982456141,
        0.7428070175438597,
        0.703859649122807,
        0.7143859649122808,
        0.707017543859649
      ],
      "stds": [
        0.06994831667189988,
        0.00773920877196943,
        0.03412089021811566,
        0.018274268996490883,
        0.03161498917889705
      ],
      "default_val": 0.3
    },
    "highschool": {
      "values": [
        0.0,
        0.1,
        0.2,
        0.3,
        0.5
      ],
      "means": [
        0.6111111111111112,
        0.5925925925925926,
        0.6018518518518517,
        0.6055555555555555,
        0.6222222222222222
      ],
      "stds": [
        0.06285393610547088,
        0.03666479606152466,
        0.022376011062212195,
        0.004536092116265174,
        0.019772367133391353
      ],
      "default_val": 0.3
    }
  }
}