{
  "param": "min_persistence",
  "values": [
    0.0,
    0.01,
    0.03,
    0.05,
    0.07,
    0.1,
    0.15
  ],
  "datasets": {
    "dblp": {
      "values": [
        0.0,
        0.01,
        0.03,
        0.05,
        0.07,
        0.1,
        0.15
      ],
      "means": [
        0.9214128035320087,
        0.9262693156732892,
        0.922737306843267,
        0.9408388520971304,
        0.9298013245033112,
        0.9240618101545254,
        0.9169977924944813
      ],
      "stds": [
        0.008400131386507909,
        0.0012487536974596825,
        0.0037979361002395363,
        0.0034763831673340793,
        0.006753668229924204,
        0.0061493987978738065,
        0.0012487536974597347
      ],
      "default_val": 0.05
    },
    "infectious": {
      "values": [
        0.0,
        0.01,
        0.03,
        0.05,
        0.07,
        0.1,
        0.15
      ],
      "means": [
        0.7716666666666666,
        0.7483333333333334,
        0.7533333333333333,
        0.71,
        0.7149999999999999,
        0.6866666666666666,
        0.7433333333333333
      ],
      "stds": [
        0.022484562605386758,
        0.006236095644623201,
        0.013123346456686363,
        0.028577380332470346,
        0.010801234497346443,
        0.02460803843372236,
        0.019293061504650377
      ],
      "default_val": 0.05
    }
  }
}