{
  "param": "gin_layers",
  "values": [
    1,
    2,
    3,
    4,
    5
  ],
  "datasets": {
    "infectious": {
      "values": [
        1,
        2,
        3,
        4,
        5
      ],
      "means": [
        0.7283333333333334,
        0.7166666666666667,
        0.6966666666666667,
        0.71,
        0.6933333333333334
      ],
      "stds": [
        0.008498365855987969,
        0.009428090415820642,
        0.004714045207910295,
        0.01870828693386977,
        0.01649915822768615
      ],
      "default_val": 3
    },
    "dblp": {
      "values": [
        1,
        2,
        3,
        4,
        5
      ],
      "means": [
        0.9373068432671081,
        0.939514348785872,
        0.9359823399558499,
        0.9284768211920529,
        0.9275938189845475
      ],
      "stds": [
        0.0012487536974596825,
        0.007595872200479111,
        0.0033038917322508092,
        0.0047139418331264326,
        0.001651945866125345
      ],
      "default_val": 3
    },
    "tumblr": {
      "values": [
        1,
        2,
        3,
        4,
        5
      ],
      "means": [
        0.5985465465465465,
        0.5495015015015015,
        0.5808288288288288,
        0.5602522522522522,
        0.5800120120120121
      ],
      "stds": [
        0.012102970929848257,
        0.0311380870213028,
        0.02219546802757541,
        0.006682199257883383,
        0.025698424497121335
      ],
      "default_val": 3
    },
    "mit": {
      "values": [
        1,
        2,
        3,
        4,
        5
      ],
      "means": [
        0.6521052631578946,
        0.707719298245614,
        0.6940350877192983,
        0.7178947368421053,
        0.7421052631578947
      ],
      "stds": [
        0.053592973726708376,
        0.013598471842158679,
        0.0263730371465797,
        0.03307285111796529,
        0.06102691533412554
      ],
      "default_val": 3
    },
    "highschool": {
      "values": [
        1,
        2,
        3,
        4,
        5
      ],
      "means": [
        0.6148148148148148,
        0.5796296296296296,
        0.6222222222222222,
        0.5944444444444444,
        0.5981481481481481
      ],
      "stds": [
        0.04543645980142705,
        0.022831162973959134,
        0.04536092116265147,
        0.02357022603955158,
        0.03020278968574094
      ],
      "default_val": 3
    }
  }
}