{
  "param": "K_grid",
  "values": [
    1,
    5,
    10,
    15,
    20,
    25,
    30
  ],
  "datasets": {
    "dblp": {
      "values": [
        1,
        5,
        10,
        15,
        20,
        25,
        30
      ],
      "means": [
        0.9152317880794701,
        0.9240618101545254,
        0.9222958057395143,
        0.9271523178807947,
        0.9350993377483444,
        0.9134657836644592,
        0.9222958057395143
      ],
      "stds": [
        0.0060212722723999084,
        0.004370637941108863,
        0.00272159558629979,
        0.004955837598376075,
        0.0010814524250698776,
        0.0034763831673340936,
        0.0033038917322508092
      ],
      "default_val": 20
    },
    "infectious": {
      "values": [
        1,
        5,
        10,
        15,
        20,
        25,
        30
      ],
      "means": [
        0.805,
        0.7116666666666666,
        0.7200000000000001,
        0.735,
        0.7133333333333333,
        0.7066666666666667,
        0.725
      ],
      "stds": [
        0.028577380332470467,
        0.05038738819276991,
        0.021602468994692852,
        0.047081489639418495,
        0.004714045207910321,
        0.03399346342395183,
        0.03082207001484482
      ],
      "default_val": 20
    }
  }
}