{
  "T_grid": {
    "dblp": {
      "values": [
        10,
        15,
        20,
        25,
        30,
        35,
        40
      ],
      "means": [
        0.9324503311258279,
        0.919205298013245,
        0.9227373068432673,
        0.9289183222958056,
        0.9426048565121413,
        0.9209713024282561,
        0.9231788079470199
      ],
      "stds": [
        0.003899232170564196,
        0.00286125417148249,
        0.00450244548661608,
        0.008741275882217778,
        0.002251222743308,
        0.010503644373836917,
        0.005407262125349071
      ],
      "default_val": 30
    },
    "infectious": {
      "values": [
        10,
        15,
        20,
        25,
        30,
        35,
        40
      ],
      "means": [
        0.7699999999999999,
        0.7733333333333334,
        0.7566666666666667,
        0.7333333333333334,
        0.7033333333333333,
        0.7399999999999999,
        0.7166666666666668
      ],
      "stds": [
        0.04636809247747854,
        0.023213980461973552,
        0.03659083066683366,
        0.020548046676563278,
        0.016499158227686123,
        0.014719601443879746,
        0.015456030825826165
      ],
      "default_val": 30
    }
  },
  "K_grid": {
    "dblp": {
      "values": [
        1,
        5,
        10,
        15,
        20,
        25,
        30
      ],
      "means": [
        0.9152317880794701,
        0.9240618101545254,
        0.9222958057395143,
        0.9271523178807947,
        0.9350993377483444,
        0.9134657836644592,
        0.9222958057395143
      ],
      "stds": [
        0.0060212722723999084,
        0.004370637941108863,
        0.00272159558629979,
        0.004955837598376075,
        0.0010814524250698776,
        0.0034763831673340936,
        0.0033038917322508092
      ],
      "default_val": 20
    },
    "infectious": {
      "values": [
        1,
        5,
        10,
        15,
        20,
        25,
        30
      ],
      "means": [
        0.805,
        0.7116666666666666,
        0.7200000000000001,
        0.735,
        0.7133333333333333,
        0.7066666666666667,
        0.725
      ],
      "stds": [
        0.028577380332470467,
        0.05038738819276991,
        0.021602468994692852,
        0.047081489639418495,
        0.004714045207910321,
        0.03399346342395183,
        0.03082207001484482
      ],
      "default_val": 20
    }
  },
  "min_persistence": {
    "dblp": {
      "values": [
        0.0,
        0.01,
        0.03,
        0.05,
        0.07,
        0.1,
        0.15
      ],
      "means": [
        0.9214128035320087,
        0.9262693156732892,
        0.922737306843267,
        0.9408388520971304,
        0.9298013245033112,
        0.9240618101545254,
        0.9169977924944813
      ],
      "stds": [
        0.008400131386507909,
        0.0012487536974596825,
        0.0037979361002395363,
        0.0034763831673340793,
        0.006753668229924204,
        0.0061493987978738065,
        0.0012487536974597347
      ],
      "default_val": 0.05
    },
    "infectious": {
      "values": [
        0.0,
        0.01,
        0.03,
        0.05,
        0.07,
        0.1,
        0.15
      ],
      "means": [
        0.7716666666666666,
        0.7483333333333334,
        0.7533333333333333,
        0.71,
        0.7149999999999999,
        0.6866666666666666,
        0.7433333333333333
      ],
      "stds": [
        0.022484562605386758,
        0.006236095644623201,
        0.013123346456686363,
        0.028577380332470346,
        0.010801234497346443,
        0.02460803843372236,
        0.019293061504650377
      ],
      "default_val": 0.05
    }
  },
  "gin_layers": {
    "infectious": {
      "values": [
        1,
        2,
        3,
        4,
        5
      ],
      "means": [
        0.7283333333333334,
        0.7166666666666667,
        0.6966666666666667,
        0.71,
        0.6933333333333334
      ],
      "stds": [
        0.008498365855987969,
        0.009428090415820642,
        0.004714045207910295,
        0.01870828693386977,
        0.01649915822768615
      ],
      "default_val": 3
    },
    "dblp": {
      "values": [
        1,
        2,
        3,
        4,
        5
      ],
      "means": [
        0.9373068432671081,
        0.939514348785872,
        0.9359823399558499,
        0.9284768211920529,
        0.9275938189845475
      ],
      "stds": [
        0.0012487536974596825,
        0.007595872200479111,
        0.0033038917322508092,
        0.0047139418331264326,
        0.001651945866125345
      ],
      "default_val": 3
    },
    "tumblr": {
      "values": [
        1,
        2,
        3,
        4,
        5
      ],
      "means": [
        0.5985465465465465,
        0.5495015015015015,
        0.5808288288288288,
        0.5602522522522522,
        0.5800120120120121
      ],
      "stds": [
        0.012102970929848257,
        0.0311380870213028,
        0.02219546802757541,
        0.006682199257883383,
        0.025698424497121335
      ],
      "default_val": 3
    },
    "mit": {
      "values": [
        1,
        2,
        3,
        4,
        5
      ],
      "means": [
        0.6521052631578946,
        0.707719298245614,
        0.6940350877192983,
        0.7178947368421053,
        0.7421052631578947
      ],
      "stds": [
        0.053592973726708376,
        0.013598471842158679,
        0.0263730371465797,
        0.03307285111796529,
        0.06102691533412554
      ],
      "default_val": 3
    },
    "highschool": {
      "values": [
        1,
        2,
        3,
        4,
        5
      ],
      "means": [
        0.6148148148148148,
        0.5796296296296296,
        0.6222222222222222,
        0.5944444444444444,
        0.5981481481481481
      ],
      "stds": [
        0.04543645980142705,
        0.022831162973959134,
        0.04536092116265147,
        0.02357022603955158,
        0.03020278968574094
      ],
      "default_val": 3
    }
  },
  "gin_hidden": {
    "infectious": {
      "values": [
        16,
        32,
        64,
        128,
        256
      ],
      "means": [
        0.7116666666666666,
        0.6883333333333334,
        0.7166666666666667,
        0.6766666666666667,
        0.6666666666666666
      ],
      "stds": [
        0.013123346456686344,
        0.020138409955991,
        0.008498365855987946,
        0.013123346456686363,
        0.019293061504650356
      ],
      "default_val": 64
    },
    "dblp": {
      "values": [
        16,
        32,
        64,
        128,
        256
      ],
      "means": [
        0.9315673289183222,
        0.9399558498896247,
        0.9373068432671081,
        0.9324503311258279,
        0.9280353200883003
      ],
      "stds": [
        0.005110744769443801,
        0.0076724711686458735,
        0.0043706379411088585,
        0.004955837598376095,
        0.00720066509064018
      ],
      "default_val": 64
    },
    "tumblr": {
      "values": [
        16,
        32,
        64,
        128,
        256
      ],
      "means": [
        0.5896576576576577,
        0.5772492492492493,
        0.562954954954955,
        0.5718438438438438,
        0.5746426426426426
      ],
      "stds": [
        0.008025983828566868,
        0.02509326847130569,
        0.025299778289229875,
        0.01441754720711091,
        0.028172012261950707
      ],
      "default_val": 64
    },
    "mit": {
      "values": [
        16,
        32,
        64,
        128,
        256
      ],
      "means": [
        0.7017543859649122,
        0.7147368421052631,
        0.7142105263157895,
        0.6973684210526315,
        0.7043859649122807
      ],
      "stds": [
        0.038056024534699605,
        0.027539948319897062,
        0.03897817653013078,
        0.01829783350530868,
        0.05214039810155824
      ],
      "default_val": 64
    },