{
  "param": "T_grid",
  "values": [
    10,
    15,
    20,
    25,
    30,
    35,
    40
  ],
  "datasets": {
    "dblp": {
      "values": [
        10,
        15,
        20,
        25,
        30,
        35,
        40
      ],
      "means": [
        0.9324503311258279,
        0.919205298013245,
        0.9227373068432673,
        0.9289183222958056,
        0.9426048565121413,
        0.9209713024282561,
        0.9231788079470199
      ],
      "stds": [
        0.003899232170564196,
        0.00286125417148249,
        0.00450244548661608,
        0.008741275882217778,
        0.002251222743308,
        0.010503644373836917,
        0.005407262125349071
      ],
      "default_val": 30
    },
    "infectious": {
      "values": [
        10,
        15,
        20,
        25,
        30,
        35,
        40
      ],
      "means": [
        0.7699999999999999,
        0.7733333333333334,
        0.7566666666666667,
        0.7333333333333334,
        0.7033333333333333,
        0.7399999999999999,
        0.7166666666666668
      ],
      "stds": [
        0.04636809247747854,
        0.023213980461973552,
        0.03659083066683366,
        0.020548046676563278,
        0.016499158227686123,
        0.014719601443879746,
        0.015456030825826165
      ],
      "default_val": 30
    }
  }
}