{
  "train_loss_mean": [
    0.7520393307338697,
    0.734109727619416,
    0.7181400614549592,
    0.7091485922984998,
    0.7071881705730364,
    0.6973532614681345,
    0.6961274964945752,
    0.7022097592054551,
    0.6945726917810853,
    0.7070285987375171,
    0.69221443769024,
    0.7002750224548404,
    0.6898822940469954,
    0.6841140275420503,
    0.6871737471617747,
    0.6778483661208692,
    0.6767538709786813,
    0.6737362347114703,
    0.6763459230752834,
    0.6685655330135234,
    0.6715961559237796,
    0.6705864882382722,
    0.6614717598117711,
    0.6604981032102843,
    0.6577880471926518,
    0.6547708028875802,
    0.6563226150355744,
    0.6505575692743437,
    0.6485889303667608,
    0.6495682292696157,
    0.6444453331735842,
    0.6375438150275535,
    0.6406531867182905
  ],
  "train_loss_std": [
    0.030688964235577664,
    0.03269106079248859,
    0.02384551223827259,
    0.01701904209394577,
    0.03129058460023278,
    0.0212894757828242,
    0.024168776742579192,
    0.027100254051519883,
    0.026382824093424042,
    0.026551797378619818,
    0.027454317883115757,
    0.021302311967544608,
    0.02029771739316396,
    0.02847287545987397,
    0.02143535707466632,
    0.024063103733890118,
    0.024999783135725283,
    0.02415106155247814,
    0.028130669545142102,
    0.028193432438122716,
    0.030856337508965166,
    0.03343861957343732,
    0.025156318486615287,
    0.021940257111551845,
    0.026684222003964895,
    0.027082789645109535,
    0.023936880183382185,
    0.02721344445597588,
    0.032567720808189315,
    0.02993703116557757,
    0.031497831484818516,
    0.026302419769535363,
    0.029131891345158343
  ],
  "val_loss_mean": [
    1.4757831126552516,
    1.3649155183565815,
    1.7240040775072776,
    1.3587150185391053,
    0.9192227772130807,
    0.8903337330737355,
    0.8765937483512749,
    0.9385136993456696,
    1.235402691606748,
    1.5510638810416402,
    0.9739881383766563,
    1.5919637360411172,
    1.0491888954679847,
    1.3367076647079597,
    1.1071530987044513,
    1.4574429496668153,
    1.3762652286028458,
    1.3330979447041527,
    1.2374267704203978,
    1.0562283702624047,
    1.094728799432011,
    1.4060690129409403,
    1.4835465470815112,
    1.5580118151438438,
    1.4444358492301685,
    1.3575235806885413,
    1.38644199852216,
    1.2177923962221306,
    1.3369002491336759,
    1.384801713005971,
    1.3981169431492433,
    1.3694630785311686,
    1.3270044226161508
  ],
  "val_loss_std": [
    0.8031931655468803,
    0.7731616603726778,
    2.2674107852455854,
    1.3661627491105635,
    0.45708370009510435,
    0.3965344625130413,
    0.443182650943611,
    0.5090036947348038,
    0.720883309575152,
    2.121410938425388,
    0.7777534784049916,
    2.476641956301944,
    0.8735839066508406,
    1.1150857084889163,
    0.8842375880572945,
    1.5185470310189397,
    1.414445009260544,
    1.3229076123609989,
    1.4380738523952865,
    0.9594830826816644,
    0.841354440119466,
    1.067391876087189,
    1.4831406231048738,
    2.0862581754210963,
    1.3884055000130964,
    1.1949999710479353,
    0.9666011840911096,
    0.9207992403635391,
    0.9716886619909051,
    1.083074342018419,
    1.0767622496425875,
    0.9041682713348388,
    0.9340794490908906
  ],
  "val_acc_mean": [
    0.4989830508474578,
    0.5030508474576272,
    0.5071186440677966,
    0.528135593220339,
    0.5213559322033898,
    0.5254237288135593,
    0.5328813559322033,
    0.5254237288135593,
    0.5308474576271186,
    0.5240677966101696,
    0.5315254237288136,
    0.535593220338983,
    0.5383050847457627,
    0.5166101694915253,
    0.528813559322034,
    0.5274576271186441,
    0.5389830508474576,
    0.5166101694915254,
    0.5294915254237288,
    0.5342372881355932,
    0.5315254237288136,
    0.528813559322034,
    0.5186440677966102,
    0.528813559322034,
    0.5193220338983051,
    0.528135593220339,
    0.5172881355932203,
    0.5267796610169492,
    0.5206779661016949,
    0.5261016949152543,
    0.5186440677966102,
    0.5227118644067796,
    0.5213559322033898
  ],
  "val_acc_std": [
    0.02958294810748669,
    0.03169808739677548,
    0.04520564902554482,
    0.05020612496697931,
    0.036597612410212275,
    0.05359792644353184,
    0.04771841180953972,
    0.03924012509420415,
    0.04591187241582919,
    0.04338983050847457,
    0.042577134828766315,
    0.044714935451772596,
    0.04848287234923694,
    0.045256459032620024,
    0.05316741403850211,
    0.04428110045507235,
    0.05692493431778529,
    0.042641858151908844,
    0.052357246308631374,
    0.04626094131317148,
    0.04007462157595024,
    0.032865626151975115,
    0.043937225073951584,
    0.035552842310852595,
    0.037711007417419326,
    0.054169449099493366,
    0.03898157698024419,
    0.04596190171302588,
    0.03939210588836324,
    0.03634555973879378,
    0.03744190175317715,
    0.03972904494639623,
    0.04131701419713244
  ],
  "test_acc_at_best_mean": [
    0.5072432432432431,
    0.5077765765765765,
    0.5115963963963963,
    0.5239135135135135,
    0.5291531531531531,
    0.5334558558558559,
    0.5415207207207208,
    0.5404612612612614,
    0.5458666666666668,
    0.5528720720720721,
    0.5544576576576578,
    0.5587963963963966,
    0.558810810810811,
    0.562010810810811,
    0.5700468468468469,
    0.574846846846847,
    0.574810810810811,
    0.5807567567567569,
    0.5775063063063064,
    0.5780468468468469,
    0.5737801801801803,
    0.5721585585585587,
    0.567891891891892,
    0.567891891891892,
    0.5684252252252253,
    0.5689585585585586,
    0.5689585585585586,
    0.5689585585585586,
    0.5689585585585586,
    0.5689585585585586,
    0.5689585585585586,
    0.5657585585585587,
    0.5657585585585587
  ],
  "test_acc_at_best_std": [
    0.01714808010378538,
    0.03135179372163831,
    0.03576041914333551,
    0.04602586287694214,
    0.05605831369685083,
    0.04598666190988595,
    0.04781497439758288,
    0.04016956446845374,
    0.043998334814392845,
    0.04491408942572983,
    0.047335751814948215,
    0.05659467708390063,
    0.05573464325324666,
    0.05571105159102173,
    0.05564657754438464,
    0.0564205112073234,
    0.05980698874654998,
    0.05669509592080284,
    0.05452788550700854,
    0.05476108600881824,
    0.055987247263823425,
    0.05555492594075496,
    0.05631960923933472,
    0.05631960923933472,
    0.05680841418671088,
    0.056664040271996424,
    0.056664040271996424,
    0.056664040271996424,
    0.056664040271996424,
    0.056664040271996424,
    0.056664040271996424,
    0.05556295139798227,
    0.05556295139798227
  ],
  "lr_mean": [
    0.010000000000000002,
    0.010000000000000002,
    0.010000000000000002,
    0.010000000000000002,
    0.010000000000000002,
    0.010000000000000002,
    0.010000000000000002,
    0.010000000000000002,
    0.010000000000000002,
    0.010000000000000002,
    0.010000000000000002,
    0.009600000000000003,
    0.009600000000000003,
    0.009400000000000002,
    0.009400000000000002,
    0.009000000000000003,
    0.008600000000000002,
    0.008200000000000002,
    0.007800000000000002,
    0.007800000000000002,
    0.007600000000000003,
    0.007600000000000003,
    0.007000000000000002,
    0.006800000000000003,
    0.006700000000000003,
    0.006300000000000001,
    0.006000000000000001,
    0.005600000000000001,
    0.0052000000000000015,
    0.005000000000000001,
    0.004600000000000002,
    0.004300000000000002,
    0.004100000000000001
  ],