{
  "train_loss_mean": [
    0.7050070947408676,
    0.6428636544942856,
    0.6182656425237656,
    0.5941713824868202,
    0.578223988711834,
    0.553819846212864,
    0.5422017711400986,
    0.5160294246673583,
    0.4952458456158638,
    0.48557080060243607,
    0.4700330176949501,
    0.4551263102889061,
    0.43762647569179536,
    0.42182138830423355,
    0.41704377949237825,
    0.4024899110198021,
    0.4034316608309746,
    0.38389490395784376,
    0.37155944675207137,
    0.36876492619514467,
    0.3572957697510719,
    0.3471383801102638,
    0.3382738956809044,
    0.3268223315477371,
    0.3205310842394829,
    0.3161208726465702,
    0.30733015030622485,
    0.3065860989689827,
    0.2909029334783554,
    0.2889971816539764,
    0.28368293479084966,
    0.2764523296058178,
    0.272058365046978,
    0.26857949152588845,
    0.262884936183691,
    0.2581719119846821,
    0.2545218475162983,
    0.24927304401993752,
    0.24472273290157318
  ],
  "train_loss_std": [
    0.023169564490412995,
    0.012525283950182842,
    0.01794286581417412,
    0.017732846225736645,
    0.02089863010951319,
    0.01718160977637634,
    0.020851889931074778,
    0.025771505592766638,
    0.025681375645714988,
    0.023625006740226044,
    0.029290419613192786,
    0.027596263483946448,
    0.025194026755578417,
    0.03145714171365057,
    0.03530699876522668,
    0.03208398006079791,
    0.03459787385161799,
    0.03422439826306305,
    0.03236191747056105,
    0.033832023556350656,
    0.03818276097649926,
    0.03672000992478755,
    0.032388137854156646,
    0.0344878149002859,
    0.03272955088192238,
    0.03576755163645098,
    0.029938796363650072,
    0.03867863719853532,
    0.03455377548715122,
    0.03407329843894121,
    0.02973681245805047,
    0.03244094436060265,
    0.027487420797946686,
    0.031224548249126505,
    0.025827491382461838,
    0.02097369778516089,
    0.02544608657105654,
    0.020894064178858286,
    0.015616652544631278
  ],
  "val_loss_mean": [
    0.6963200497627259,
    0.7165754413604737,
    0.7360344362258912,
    0.748194260597229,
    0.7473842811584472,
    0.7361684083938599,
    0.7289946031570435,
    0.7574299693107605,
    0.7477184438705444,
    0.7056992650032043,
    0.6907802224159241,
    0.7215437912940978,
    0.7178039419651031,
    0.6930039429664612,
    0.7490413951873779,
    0.7424488663673401,
    0.7622361516952515,
    0.7268261575698852,
    0.7214494180679322,
    0.6999702429771424,
    0.7455160713195801,
    0.6665596783161163,
    0.7043991613388062,
    0.6568073725700379,
    0.7155921721458435,
    0.7302292799949646,
    0.6901338458061218,
    0.6980240631103516,
    0.6828969419002533,
    0.6992705059051514,
    0.6654894852638245,
    0.7498024725914001,
    0.7038764047622681,
    0.7208302068710327,
    0.7030579793453217,
    0.6494606566429139,
    0.689544608592987,
    0.6794763374328613,
    0.676622121334076
  ],
  "val_loss_std": [
    0.016619010104892598,
    0.0503751712183235,
    0.06513839862960089,
    0.07255095430705927,
    0.07765275110178536,
    0.08774788157019321,
    0.0944154332877457,
    0.1531716099222338,
    0.21809627581418592,
    0.10502275629068239,
    0.12349516218874401,
    0.16829600066302167,
    0.19006953259236503,
    0.1618681959767445,
    0.15650382875851354,
    0.2744179678898062,
    0.2286031070088495,
    0.21874403501288486,
    0.29340268281714693,
    0.19222555865884947,
    0.2373445821620923,
    0.1282346560775776,
    0.14066357782795957,
    0.11401522485993643,
    0.20114150761738483,
    0.2111224453033256,
    0.12820312552519592,
    0.17605154787708632,
    0.13000922781520577,
    0.132307332947412,
    0.10331382824279563,
    0.18471092006847584,
    0.13019438226095234,
    0.1592640736637271,
    0.1599603429857986,
    0.10497428959405256,
    0.1209784327221053,
    0.0703715428810351,
    0.09011696590361856
  ],
  "val_acc_mean": [
    0.5125,
    0.49625,
    0.49625,
    0.50125,
    0.51125,
    0.53125,
    0.5625,
    0.55875,
    0.60375,
    0.615,
    0.64,
    0.64125,
    0.66,
    0.65375,
    0.6525,
    0.66,
    0.635,
    0.66125,
    0.675,
    0.6725,
    0.66375,
    0.68375,
    0.6975,
    0.725,
    0.6875,
    0.705,
    0.69875,
    0.69875,
    0.7075,
    0.705,
    0.70625,
    0.69375,
    0.71125,
    0.72875,
    0.71,
    0.735,
    0.7175,
    0.7275,
    0.72875
  ],
  "val_acc_std": [
    0.059292706128157104,
    0.03678484742390539,
    0.03783186487605388,
    0.043732139211339754,
    0.051447789068141674,
    0.0673145600891813,
    0.07288689868556626,
    0.08164327896403965,
    0.08278360344899224,
    0.07891847058832298,
    0.05937171043518959,
    0.09019077003773722,
    0.08674675786448736,
    0.08240524861924756,
    0.08584142356694698,
    0.07872023246916891,
    0.07219764539096826,
    0.08085480814398115,
    0.08385254915624211,
    0.07558108228915487,
    0.08444672877027268,
    0.058175381391100484,
    0.059107952087684455,
    0.06614378277661478,
    0.06187184335382291,
    0.0690787593982405,
    0.057879184513951104,
    0.07545694136393286,
    0.06304760106459244,
    0.061288253360656304,
    0.053764532919016415,
    0.0833854004007896,
    0.047827816174272494,
    0.07219764539096826,
    0.06703543838895962,
    0.06680194607943694,
    0.05623610939600995,
    0.05117372372614681,
    0.058443348637804815
  ],
  "test_acc_at_best_mean": [
    0.5199999999999999,
    0.5099999999999999,
    0.514,
    0.526,
    0.526,
    0.539,
    0.5440000000000002,
    0.5660000000000001,
    0.5970000000000001,
    0.6090000000000001,
    0.626,
    0.64,
    0.647,
    0.6639999999999999,
    0.6679999999999999,
    0.6729999999999999,
    0.681,
    0.694,
    0.693,
    0.694,
    0.698,
    0.7059999999999998,
    0.7079999999999999,
    0.7140000000000001,
    0.7140000000000001,
    0.715,
    0.715,
    0.7170000000000001,
    0.7190000000000001,
    0.7190000000000001,
    0.7190000000000001,
    0.718,
    0.7190000000000001,
    0.7190000000000001,
    0.7190000000000001,
    0.7190000000000001,
    0.7190000000000001,
    0.7190000000000001,
    0.7190000000000001
  ],
  "test_acc_at_best_std": [
    0.04062019202317981,
    0.021213203435596427,
    0.026532998322843195,
    0.04328972164382673,
    0.03706750598570128,
    0.05961543424315553,
    0.05713142742834279,
    0.06628725367670621,
    0.07187489130426564,
    0.07445804187594514,
    0.07364781055808788,
    0.0692820323027551,
    0.057584720195551865,
    0.0485180378828328,
    0.05500909015790026,
    0.06281719509815764,
    0.05669215113223346,
    0.06491532946846994,
    0.06345076831686122,
    0.0625619692784682,
    0.05954829972383763,
    0.05161395160225576,
    0.04833218389437828,
    0.04476605857119877,
    0.04476605857119877,
    0.0447213595499958,
    0.0447213595499958,
    0.046216880033165375,
    0.05063595560468864,
    0.05063595560468864,
    0.05063595560468864,
    0.049759421218498925,
    0.05063595560468864,
    0.05063595560468864,
    0.05063595560468864,
    0.05063595560468864,
    0.05063595560468864,
    0.05063595560468864,
    0.05063595560468864
  ],