{
  "train_loss_mean": [
    0.7162595176025347,
    0.6399609138815451,
    0.5944764529279238,
    0.5866003577427198,
    0.5630735918649085,
    0.5595341127436404,
    0.5371902742473761,
    0.5330078665909863,
    0.5277822909419864,
    0.5218073772004612,
    0.517461132123662,
    0.5032540978917818,
    0.5031031956021992,
    0.5040808941203391,
    0.4925257631960859,
    0.492284809311292,
    0.4831742907492124,
    0.48450704489740665,
    0.476791158861462,
    0.45980494699902974,
    0.46155959714331873,
    0.4648312518911611,
    0.4561685222726081,
    0.4434012130353003,
    0.44739945683733234,
    0.44382071097813935,
    0.44577697447978465,
    0.43052969036075434,
    0.42534435491102884,
    0.42977605807189134,
    0.4222130507801473
  ],
  "train_loss_std": [
    0.04629966582440344,
    0.0260831428469739,
    0.03485042406530462,
    0.032847200200002855,
    0.030750663004089934,
    0.04236597602740319,
    0.03437277251332503,
    0.044931395015353495,
    0.041118996288340724,
    0.033413445899032855,
    0.0462639754869703,
    0.04279017213178885,
    0.034568181045809214,
    0.03332647234148092,
    0.03269742433762818,
    0.03482329394418944,
    0.03896380488526918,
    0.039624538854801314,
    0.04259526660524696,
    0.04707851232640319,
    0.04327216981086318,
    0.03469685431151068,
    0.04278304728674634,
    0.036056317215292705,
    0.03845412717785951,
    0.04418223480628317,
    0.045758573369037055,
    0.0483680272772408,
    0.04099784135286744,
    0.04530950861597845,
    0.045318268466178174
  ],
  "val_loss_mean": [
    0.6931029200553894,
    0.7081491708755493,
    0.7789130902290344,
    0.9765406179428101,
    1.1897830986976623,
    1.3326056933403014,
    1.4611269426345825,
    1.595012722015381,
    1.730996549129486,
    1.909804482460022,
    1.9088505148887633,
    1.8430953121185303,
    1.775953446626663,
    1.6342285680770874,
    1.6211778342723846,
    1.5338175773620606,
    1.4106802892684938,
    1.3198103857040406,
    1.2218599450588226,
    1.1651340436935425,
    1.1922455191612245,
    1.257583327293396,
    1.1799294996261596,
    1.0464869236946106,
    1.005808140039444,
    0.9761794400215149,
    0.9373569011688232,
    0.9877798247337342,
    1.0082102620601654,
    0.874435486793518,
    0.7762697577476502
  ],
  "val_loss_std": [
    0.010998061541260856,
    0.06821510409090832,
    0.32715091383510864,
    0.7613201626017649,
    0.9559497825662935,
    0.7964114674377976,
    0.9035024208243305,
    1.042268337585459,
    1.196070434108253,
    1.504284835552084,
    1.5980258543197865,
    1.3948992205395214,
    1.1821059322964371,
    0.8994376871333576,
    1.2507551625613742,
    1.3966616554447682,
    1.137652852138112,
    0.9495530758974805,
    0.8406978810308371,
    0.8212845669390854,
    0.8566629292300693,
    1.0645811825853344,
    1.0322196639952403,
    0.7975078434333224,
    0.7871112402373317,
    0.8939971347468018,
    0.7811102579388687,
    0.6597348355185845,
    0.5218901147198856,
    0.39731360268413585,
    0.3228206566284879
  ],
  "val_acc_mean": [
    0.5066666666666666,
    0.536,
    0.5306666666666666,
    0.5333333333333333,
    0.5146666666666667,
    0.5013333333333333,
    0.48800000000000004,
    0.496,
    0.504,
    0.512,
    0.5093333333333334,
    0.5253333333333333,
    0.528,
    0.528,
    0.544,
    0.528,
    0.5359999999999999,
    0.5493333333333333,
    0.5680000000000001,
    0.5786666666666667,
    0.5946666666666668,
    0.5866666666666667,
    0.5920000000000001,
    0.6133333333333333,
    0.6106666666666667,
    0.6320000000000001,
    0.6346666666666667,
    0.6080000000000001,
    0.584,
    0.6239999999999999,
    0.6479999999999998
  ],
  "val_acc_std": [
    0.05333333333333332,
    0.07654773383683906,
    0.09518169758706531,
    0.09797958971132711,
    0.09144761706390529,
    0.059985183355743946,
    0.04888080741286229,
    0.05986651818838305,
    0.06819579654690357,
    0.07937533901939849,
    0.08616263691415207,
    0.10382891911430288,
    0.11301130720222448,
    0.10653324989567027,
    0.1288306381779324,
    0.09222195448421643,
    0.09329523031752479,
    0.10545983964418768,
    0.13613065619306902,
    0.13820435754506602,
    0.15425231854911542,
    0.14847371634213394,
    0.12694005584439363,
    0.13333333333333333,
    0.14196087097819907,
    0.1425108183027988,
    0.14741626625157603,
    0.144,
    0.11357621034158322,
    0.1145115229524474,
    0.10917061061577985
  ],
  "test_acc_at_best_mean": [
    0.521684210526316,
    0.5591578947368422,
    0.5735789473684211,
    0.5811578947368422,
    0.5833684210526318,
    0.5915789473684212,
    0.5935789473684212,
    0.5934736842105264,
    0.5894736842105264,
    0.5831578947368422,
    0.5831578947368422,
    0.5851578947368421,
    0.5830526315789474,
    0.5851578947368421,
    0.5851578947368421,
    0.5890526315789474,
    0.5950526315789474,
    0.5965263157894737,
    0.6171578947368421,
    0.6129473684210526,
    0.6339999999999999,
    0.6338947368421053,
    0.6441052631578947,
    0.6501052631578947,
    0.6523157894736842,
    0.6523157894736842,
    0.6605263157894737,
    0.6605263157894737,
    0.6605263157894737,
    0.6647368421052632,
    0.6626315789473685
  ],
  "test_acc_at_best_std": [
    0.05641791036025955,
    0.08502279309844148,
    0.0931340439286524,
    0.09414634685445197,
    0.08980347888553425,
    0.09020137520372215,
    0.09091739272091438,
    0.09479273205189043,
    0.09009690074328697,
    0.08493112738502867,
    0.08493112738502867,
    0.0870440395428923,
    0.08780196806204214,
    0.08576163578048843,
    0.08576163578048843,
    0.09042429992330878,
    0.09258467712139591,
    0.11267269293875963,
    0.1251151713190004,
    0.11910078601720854,
    0.1250372132972471,
    0.12196752667135163,
    0.1138382971356162,
    0.11529915323558151,
    0.12031887457480381,
    0.12031887457480381,
    0.13186705300259813,
    0.13186705300259813,
    0.13186705300259813,
    0.12916737407842505,
    0.13011607858299903
  ],
  "lr_mean": [
    0.010000000000000002,
    0.010000000000000002,
    0.010000000000000002,
    0.010000000000000002,
    0.010000000000000002,
    0.010000000000000002,
    0.010000000000000002,
    0.010000000000000002,
    0.010000000000000002,
    0.010000000000000002,
    0.010000000000000002,
    0.008800000000000004,
    0.007800000000000002,
    0.0072000000000000015,
    0.006800000000000003,
    0.006400000000000002,
    0.006000000000000002,
    0.006000000000000002,
    0.006000000000000002,
    0.005600000000000002,
    0.005600000000000002,
    0.005600000000000002,
    0.005100000000000001,
    0.005000000000000002,
    0.004800000000000001,
    0.004800000000000001,
    0.004700000000000001,
    0.004700000000000001,
    0.004600000000000002,
    0.004400000000000001,
    0.004000000000000001
  ],
  "lr_std": [
    1.734723475976807e-18,
    1.734723475976807e-18,
    1.734723475976807e-18,
    1.734723475976807e-18,
    1.734723475976807e-18,
    1.734723475976807e-18,
    1.734723475976807e-18,
    1.734723475976807e-18,
    1.734723475976807e-18,
    1.734723475976807e-18,
    1.734723475976807e-18,
    0.002135415650406262,
    0.002481934729198171,
    0.0024819347291981713,
    0.0024000000000000002,
    0.002244994432064365,
    0.0019999999999999996,
    0.0019999999999999996,
    0.0019999999999999996,
    0.0016248076809271925,
    0.0016248076809271925,
    0.0016248076809271925,
    0.001655294535724685,
    0.0017320508075688772,
    0.0014000000000000002,
    0.0014000000000000002,
    0.001469693845669907,
    0.001469693845669907,
    0.0015297058540778355,
    0.0016248076809271918,
    0.001224744871391589
  ],