{
  "train_loss_mean": [
    0.7845175949458418,
    0.7296408425528428,
    0.7051859548996235,
    0.6868822450473391,
    0.6713445730044925,
    0.6625396159599568,
    0.6528643451065854,
    0.6457345994587602,
    0.6298920977526697,
    0.630494550507644,
    0.6143042658937389,
    0.6160437110374715,
    0.6072306122450993,
    0.597372799371851,
    0.5967530408398858,
    0.595640928950803,
    0.580419768506083,
    0.5819797872674876,
    0.5719593123320875,
    0.5737766574169028,
    0.5687259614056553,
    0.5577268889443627,
    0.5687436767282158,
    0.5633147048950196,
    0.5550434933037595,
    0.548917744200805,
    0.5462780358462498,
    0.5416086969293397,
    0.5400844003414287,
    0.5396914955665325,
    0.5394512997413502
  ],
  "train_loss_std": [
    0.03718720515640149,
    0.029532159784165072,
    0.03502318870765731,
    0.019529493036162686,
    0.02220416771395536,
    0.03259497483376973,
    0.022903763646356306,
    0.02726904292492302,
    0.02863047618935185,
    0.035592016317187926,
    0.033678082839382985,
    0.023251985321869496,
    0.027405688265398652,
    0.034873663045882956,
    0.040247478229982675,
    0.027593739025824928,
    0.0381011483401379,
    0.030311431325263597,
    0.026757038785908845,
    0.035024233822383156,
    0.024167451135228262,
    0.03044607204534494,
    0.026382434350722083,
    0.033778897678855516,
    0.03174870067653195,
    0.03658286704367777,
    0.03413158522199849,
    0.03032521652055148,
    0.023626155039321844,
    0.033486799419461644,
    0.03595736462929386
  ],
  "val_loss_mean": [
    0.7024033308029175,
    0.7025183439254761,
    0.7067876338958741,
    0.7294343066215515,
    0.7355176472663879,
    0.7129716682434082,
    0.719266471862793,
    0.7257073903083802,
    0.7553796982765197,
    0.8174676489830017,
    0.887938163280487,
    0.9142868041992187,
    0.9296599411964417,
    0.9953948950767517,
    1.128625409603119,
    1.1115524411201476,
    1.0211890482902526,
    0.9388792562484741,
    0.8556262183189393,
    0.9370369005203247,
    0.9393202304840088,
    1.0658287715911865,
    0.9469185137748718,
    0.8789641499519348,
    0.8865493679046631,
    0.8514412093162537,
    0.9048740816116333,
    0.856683702468872,
    0.8274137592315673,
    0.834634964466095,
    0.8786508226394654
  ],
  "val_loss_std": [
    0.01781858449924405,
    0.015286280875531197,
    0.03342116221361864,
    0.1334678669864287,
    0.16108076984368275,
    0.09064961902498189,
    0.08707207890672274,
    0.12548293502331423,
    0.19017473414562588,
    0.25438584063758723,
    0.25071904726104055,
    0.36379252065908635,
    0.3924368750557804,
    0.48443918149250215,
    0.5928665006475196,
    0.5445279594333259,
    0.5584681429509916,
    0.4801380244596788,
    0.3527763110600534,
    0.3781528542452326,
    0.3768220755025581,
    0.5432576905484295,
    0.4713663531176448,
    0.4252950139726812,
    0.43813107688389563,
    0.3467542938524849,
    0.3957580751733222,
    0.23769726713858272,
    0.19497128720421256,
    0.17026997946871425,
    0.2534155440550559
  ],
  "val_acc_mean": [
    0.5042857142857142,
    0.5157142857142856,
    0.5185714285714286,
    0.5271428571428571,
    0.5171428571428571,
    0.5414285714285715,
    0.557142857142857,
    0.53,
    0.5171428571428572,
    0.5314285714285715,
    0.5185714285714286,
    0.5314285714285714,
    0.5085714285714287,
    0.5328571428571428,
    0.5157142857142858,
    0.5157142857142858,
    0.5157142857142858,
    0.5228571428571429,
    0.5285714285714286,
    0.5428571428571429,
    0.53,
    0.5357142857142858,
    0.54,
    0.5557142857142857,
    0.5314285714285715,
    0.5314285714285715,
    0.5328571428571429,
    0.5257142857142858,
    0.5342857142857143,
    0.5285714285714288,
    0.5371428571428573
  ],
  "val_acc_std": [
    0.03953815000885156,
    0.04174754056057843,
    0.05724989974146823,
    0.04768091219508178,
    0.05062870041905528,
    0.06901641330960666,
    0.05976143046671969,
    0.06752172741769413,
    0.05724989974146822,
    0.06253162465211222,
    0.04857142857142856,
    0.05182387756347729,
    0.04549052379454473,
    0.06382373686768193,
    0.056315438126934354,
    0.07148569144683886,
    0.07359569641366433,
    0.06767268161329719,
    0.06468132241526725,
    0.08144110179279557,
    0.07933396215379898,
    0.07284313590846835,
    0.0730669248716824,
    0.0756468702564213,
    0.06800360134521087,
    0.0657142857142857,
    0.05142857142857142,
    0.06663945022680344,
    0.07177060964045982,
    0.05714285714285714,
    0.06505884306706114
  ],
  "test_acc_at_best_mean": [
    0.5022222222222222,
    0.5000000000000001,
    0.4966666666666667,
    0.4988888888888889,
    0.49666666666666665,
    0.5022222222222222,
    0.5266666666666666,
    0.5288888888888887,
    0.5355555555555555,
    0.5455555555555555,
    0.5522222222222222,
    0.56,
    0.56,
    0.5599999999999999,
    0.57,
    0.581111111111111,
    0.5888888888888888,
    0.5922222222222221,
    0.59,
    0.5966666666666667,
    0.5977777777777776,
    0.601111111111111,
    0.5988888888888887,
    0.5999999999999999,
    0.5988888888888887,
    0.6077777777777776,
    0.6122222222222221,
    0.611111111111111,
    0.611111111111111,
    0.6088888888888888,
    0.6033333333333332
  ],
  "test_acc_at_best_std": [
    0.007535922203472522,
    0.01360827634879544,
    0.01632993161855453,
    0.02989694232683048,
    0.03362832433427013,
    0.041514537093932026,
    0.0595663340163565,
    0.05852086258783864,
    0.05906681715556452,
    0.06520622556053872,
    0.06398302243950209,
    0.06879922480183433,
    0.06879922480183433,
    0.07644896627453145,
    0.07702813338860895,
    0.08495459934940124,
    0.08678055195451836,
    0.0911923756830364,
    0.08688007912144273,
    0.08823369642707476,
    0.08858280634664331,
    0.08347395542663531,
    0.08243216440440625,
    0.08425417160057277,
    0.08243216440440625,
    0.08024653371230127,
    0.07875575620741934,
    0.07895928001973275,
    0.07895928001973275,
    0.08348874397408533,
    0.09112466023916743
  ],
  "lr_mean": [
    0.010000000000000002,
    0.010000000000000002,
    0.010000000000000002,
    0.010000000000000002,
    0.010000000000000002,
    0.010000000000000002,
    0.010000000000000002,
    0.010000000000000002,
    0.010000000000000002,
    0.010000000000000002,
    0.010000000000000002,
    0.009600000000000003,
    0.009600000000000003,
    0.009000000000000003,
    0.009000000000000003,
    0.009000000000000003,
    0.008600000000000002,
    0.008400000000000001,
    0.008000000000000002,
    0.007400000000000002,
    0.007000000000000002,
    0.007000000000000002,
    0.0066000000000000026,
    0.0066000000000000026,
    0.006400000000000001,
    0.006200000000000002,
    0.0058000000000000005,
    0.0058000000000000005,
    0.005300000000000002,
    0.0052000000000000015,
    0.004900000000000001
  ],
  "lr_std": [
    1.734723475976807e-18,
    1.734723475976807e-18,
    1.734723475976807e-18,
    1.734723475976807e-18,
    1.734723475976807e-18,
    1.734723475976807e-18,
    1.734723475976807e-18,
    1.734723475976807e-18,
    1.734723475976807e-18,
    1.734723475976807e-18,
    1.734723475976807e-18,
    0.0013564659966250536,
    0.0013564659966250536,
    0.0020000000000000005,
    0.0020000000000000005,
    0.0020000000000000005,
    0.002244994432064365,
    0.0023323807579381205,
    0.002449489742783178,
    0.00249799919935936,
    0.0024494897427831783,
    0.0024494897427831783,
    0.0026343879744638978,
    0.0026343879744638978,
    0.0025573423705088846,
    0.002461706725018234,
    0.00220454076850486,
    0.00220454076850486,
    0.0019131126469708994,
    0.0019899748742132402,
    0.002177154105707724
  ],