{
  "train_loss_mean": [
    0.49167561080830163,
    0.427211422752743,
    0.4023589141309754,
    0.3917265565188464,
    0.3764700473340089,
    0.36729243341063667,
    0.35048343815586785,
    0.3384184569662267,
    0.32622907132649226,
    0.3233495485881144,
    0.31911667737093835,
    0.3167399933072161,
    0.3107614863214414,
    0.30830378544232073,
    0.3041288329106717,
    0.3035043639043146,
    0.30228609729896894,
    0.30033036637897337,
    0.2959031819853901,
    0.2934948885145267,
    0.2902972894365137,
    0.29398146759379995,
    0.2943156300842269,
    0.2920685977728899,
    0.2876444403100604,
    0.2851048383289132,
    0.28524829324611944,
    0.2848568621795039,
    0.2846639018314929,
    0.2812325342233516,
    0.28259532416162414,
    0.28216676784940986,
    0.27849020177667794,
    0.27468019550496886,
    0.2764094756457431,
    0.27373101377290143,
    0.2724865206460322,
    0.2725336032071389,
    0.2717213291816475,
    0.2723763546569288,
    0.2685115020629788,
    0.26674242656093
  ],
  "train_loss_std": [
    0.016515823110642914,
    0.015620236523091705,
    0.013267776648644817,
    0.015590353491966852,
    0.01368091555946816,
    0.02130583352050673,
    0.017823599924411775,
    0.010817784380930714,
    0.013586009571817551,
    0.013915728454287929,
    0.013278592540542764,
    0.009800522665415002,
    0.01114886883372492,
    0.010672015302957456,
    0.007706967334736231,
    0.010890519685168631,
    0.009256897888786107,
    0.012282958878194677,
    0.010197031477435805,
    0.011154405812641877,
    0.008843626843947662,
    0.008026863637889651,
    0.011558796435089006,
    0.00989594583023264,
    0.00821089940052989,
    0.0070546396409164125,
    0.009223351016486655,
    0.008707055017629601,
    0.011289518094439675,
    0.00844656018968741,
    0.010960134473520337,
    0.00900613033030836,
    0.009824910852923002,
    0.007885559254504732,
    0.008374188562069527,
    0.008524774667720223,
    0.006498312740178635,
    0.008701128243814898,
    0.009355830776144802,
    0.007961685336473028,
    0.007294920918617397,
    0.007911519144976406
  ],
  "val_loss_mean": [
    0.8850021654764809,
    0.6583385755221048,
    0.6038439114888509,
    0.7199689478079481,
    0.6696789781252542,
    0.9469847983519236,
    0.794077682177226,
    0.7314734420776368,
    0.7492988336881001,
    0.7888591855367024,
    0.6781597075462341,
    0.545826498746872,
    0.595983411471049,
    0.5604625970522563,
    0.624187035560608,
    0.5600265946388244,
    0.5394483150641124,
    0.5627213725248973,
    0.5464037874539692,
    0.5445753883520762,
    0.5477713549137116,
    0.793380923986435,
    0.5612320117950441,
    0.542318037589391,
    0.6658832431634266,
    0.4634478128751119,
    0.4818572559356689,
    0.48846539100011194,
    0.654488006591797,
    0.6975616494417188,
    0.5202877574761708,
    0.4850586692492167,
    0.6665004567305246,
    0.39232738900184627,
    0.38954482682545977,
    0.39522716331481933,
    0.40172560660044354,
    0.3735094847679138,
    0.4099922900994619,
    0.43039275376002,
    0.3705373685359955,
    0.34652012562751766
  ],
  "val_loss_std": [
    0.15800103693348003,
    0.18679167923212425,
    0.2865479583104862,
    0.464092808781015,
    0.33185937323553455,
    0.7107993181479932,
    0.4441123530751296,
    0.48856261077099505,
    0.5705961730840134,
    0.6381982189818545,
    0.4069328871465595,
    0.42601834938071936,
    0.26710912987405994,
    0.2981925913792182,
    0.34521206005796196,
    0.26281003226888283,
    0.26963742355931086,
    0.36604698831862653,
    0.273927600524138,
    0.2390611597756327,
    0.36950528570186686,
    0.7868634546393583,
    0.2966474163839435,
    0.24769411343896094,
    0.5529016843784897,
    0.16843190851354567,
    0.3377395909633386,
    0.37373538781731275,
    0.3952370281739194,
    1.0387454513847445,
    0.32953835573042006,
    0.2784523553512422,
    0.7763007589929862,
    0.09982760884103112,
    0.08364888892983477,
    0.08984294970925773,
    0.11271303130358475,
    0.07598405023966243,
    0.1511140550259562,
    0.21839765220812662,
    0.09680885661780537,
    0.046823255839362234
  ],
  "val_acc_mean": [
    0.5036666666666667,
    0.6923333333333334,
    0.7503333333333333,
    0.725,
    0.724333333333333,
    0.6776666666666665,
    0.7020000000000001,
    0.7496666666666667,
    0.7533333333333333,
    0.7599999999999999,
    0.7516666666666666,
    0.8440000000000001,
    0.7743333333333333,
    0.8143333333333334,
    0.7979999999999999,
    0.8066666666666664,
    0.8053333333333331,
    0.8313333333333333,
    0.8250000000000002,
    0.816,
    0.8390000000000001,
    0.7896666666666668,
    0.8166666666666668,
    0.8106666666666666,
    0.8093333333333335,
    0.8563333333333333,
    0.8533333333333333,
    0.8719999999999999,
    0.7926666666666666,
    0.819666666666667,
    0.8419999999999999,
    0.8503333333333335,
    0.8253333333333335,
    0.894,
    0.8906666666666667,
    0.8933333333333334,
    0.8883333333333333,
    0.9020000000000001,
    0.8863333333333334,
    0.8783333333333335,
    0.9006666666666665,
    0.9193333333333332
  ],
  "val_acc_std": [
    0.01857118436957884,
    0.13970047323549847,
    0.11954729422097163,
    0.13886444229295467,
    0.12819082997191683,
    0.1506784656146989,
    0.13644860652356336,
    0.15722383195092698,
    0.15885003409925139,
    0.15108864212037176,
    0.1383032095714983,
    0.11121850365634108,
    0.13385149316396225,
    0.11475868400934003,
    0.1297921415186605,
    0.11946640624971619,
    0.1250306629058115,
    0.11781058243355447,
    0.12292725943057183,
    0.11479256654214735,
    0.11587157642071769,
    0.15531831114771297,
    0.11301425672109788,
    0.10864110128716889,
    0.13262981062591722,
    0.08885943956609225,
    0.10585629672133612,
    0.08758741665076984,
    0.13624569310216336,
    0.11445231903868675,
    0.11722438123340875,
    0.11651132515291761,
    0.13651373557265217,
    0.050028880548028336,
    0.0445545857472731,
    0.05286250509051235,
    0.06390096504226937,
    0.04715694835098829,
    0.07370662566327853,
    0.07937253933193772,
    0.06150519399927853,
    0.03070649587447073
  ],
  "test_acc_at_best_mean": [
    0.5046357615894039,
    0.6982781456953642,
    0.8039735099337748,
    0.8301986754966887,
    0.8471523178807945,
    0.8651655629139072,
    0.8643708609271523,
    0.8876821192052979,
    0.8900662251655629,
    0.8940397350993378,
    0.9011920529801323,
    0.9094039735099335,
    0.9131125827814567,
    0.9131125827814567,
    0.9176158940397349,
    0.9181456953642382,
    0.9255629139072845,
    0.9247682119205295,
    0.9242384105960262,
    0.9247682119205295,
    0.9271523178807947,
    0.9290066225165563,
    0.929271523178808,
    0.9316556291390728,
    0.9316556291390728,
    0.9298013245033112,
    0.9303311258278145,
    0.9300662251655629,
    0.9287417218543047,
    0.9305960264900662,
    0.9305960264900662,
    0.9313907284768211,
    0.9319205298013244,
    0.9308609271523178,
    0.9298013245033111,
    0.9311258278145695,
    0.9311258278145695,
    0.933774834437086,
    0.932185430463576,
    0.932185430463576,
    0.9313907284768211,
    0.9337748344370861
  ],