{
  "dataset": "dblp_ct1",
  "protocol": "StratifiedKFold(5) x 10 seeds",
  "seeds": [
    0,
    1,
    2,
    3,
    4,
    5,
    6,
    7,
    8,
    9
  ],
  "seed_means": [
    0.47549668874172185,
    0.5112582781456954,
    0.4993377483443709,
    0.49139072847682125,
    0.49139072847682125,
    0.5125827814569537,
    0.49139072847682125,
    0.49403973509933774,
    0.5178807947019867,
    0.4966887417218543
  ],
  "mean_acc": 0.4981456953642384,
  "std_acc": 0.012000467806620597
}