{
  "dataset": "facebook_ct1",
  "protocol": "StratifiedKFold(5) x 10 seeds",
  "seeds": [
    0,
    1,
    2,
    3,
    4,
    5,
    6,
    7,
    8,
    9
  ],
  "seed_means": [
    0.5236180904522614,
    0.4994974874371859,
    0.4864321608040201,
    0.5035175879396985,
    0.4994974874371859,
    0.5045226130653266,
    0.5125628140703518,
    0.4824120603015075,
    0.4763819095477387,
    0.5095477386934674
  ],
  "mean_acc": 0.4997989949748744,
  "std_acc": 0.013751226670503349
}