{
  "dataset": "highschool_ct1",
  "protocol": "StratifiedKFold(5) x 10 seeds",
  "seeds": [
    0,
    1,
    2,
    3,
    4,
    5,
    6,
    7,
    8,
    9
  ],
  "seed_means": [
    0.5166666666666666,
    0.4888888888888888,
    0.5222222222222223,
    0.5722222222222222,
    0.49444444444444446,
    0.538888888888889,
    0.5555555555555556,
    0.5555555555555556,
    0.5222222222222223,
    0.538888888888889
  ],
  "mean_acc": 0.5305555555555557,
  "std_acc": 0.025489043882121042
}