{
  "dataset": "infectious_ct1",
  "protocol": "StratifiedKFold(5) x 10 seeds",
  "seeds": [
    0,
    1,
    2,
    3,
    4,
    5,
    6,
    7,
    8,
    9
  ],
  "seed_means": [
    0.53,
    0.475,
    0.55,
    0.5199999999999999,
    0.55,
    0.5000000000000001,
    0.5349999999999999,
    0.495,
    0.545,
    0.515
  ],
  "mean_acc": 0.5214999999999999,
  "std_acc": 0.024088378940891813
}