{
  "dataset": "mit_ct1",
  "protocol": "StratifiedKFold(5) x 10 seeds",
  "seeds": [
    0,
    1,
    2,
    3,
    4,
    5,
    6,
    7,
    8,
    9
  ],
  "seed_means": [
    0.493157894736842,
    0.46315789473684205,
    0.4,
    0.4663157894736842,
    0.5063157894736843,
    0.48578947368421055,
    0.5247368421052631,
    0.5263157894736843,
    0.5357894736842106,
    0.4947368421052632
  ],
  "mean_acc": 0.4896315789473684,
  "std_acc": 0.03783990916693344
}