{
  "infectious_ct1": {
    "mean": 0.5214999999999999,
    "std": 0.024088378940891813
  },
  "dblp_ct1": {
    "mean": 0.4981456953642384,
    "std": 0.012000467806620597
  },
  "tumblr_ct1": {
    "mean": 0.5071963963963964,
    "std": 0.019655304439622313
  },
  "mit_ct1": {
    "mean": 0.4896315789473684,
    "std": 0.03783990916693344
  },
  "highschool_ct1": {
    "mean": 0.5305555555555557,
    "std": 0.025489043882121042
  },
  "facebook_ct1": {
    "mean": 0.4997989949748744,
    "std": 0.013751226670503349
  }
}