{
  "dataset": "tumblr_ct1",
  "protocol": "StratifiedKFold(5) x 10 seeds",
  "seeds": [
    0,
    1,
    2,
    3,
    4,
    5,
    6,
    7,
    8,
    9
  ],
  "seed_means": [
    0.5174774774774774,
    0.5066306306306306,
    0.46627027027027024,
    0.5202522522522524,
    0.4850450450450451,
    0.4960360360360361,
    0.5253693693693694,
    0.5014414414414414,
    0.5174774774774774,
    0.5359639639639641
  ],
  "mean_acc": 0.5071963963963964,
  "std_acc": 0.019655304439622313
}