{
  "dataset": "dblp",
  "num_classes": 2,
  "best_lr": 0.005,
  "best_dropout": 0.0,
  "best_hidden": 64,
  "seed_means": [
    0.9311258278145695,
    0.933774834437086,
    0.9324503311258278,
    0.9390728476821193,
    0.9390728476821192,
    0.9258278145695364,
    0.937748344370861,
    0.9390728476821192,
    0.9403973509933776,
    0.9417218543046358
  ],
  "mean_acc": 0.9360264900662252,
  "std_acc": 0.004777401005793788,
  "search_seeds": 3,
  "full_seeds": 10
}