{
  "dataset": "highschool",
  "num_classes": 2,
  "best_lr": 0.01,
  "best_dropout": 0.5,
  "best_hidden": 64,
  "seed_means": [
    0.5777777777777777,
    0.5,
    0.5944444444444444,
    0.6,
    0.5555555555555555,
    0.49444444444444446,
    0.6166666666666667,
    0.5944444444444444,
    0.5555555555555556,
    0.5944444444444444
  ],
  "mean_acc": 0.5683333333333332,
  "std_acc": 0.039911166790359574,
  "search_seeds": 3,
  "full_seeds": 10
}