{
  "dataset": "infectious",
  "num_classes": 2,
  "best_lr": 0.005,
  "best_dropout": 0.0,
  "best_hidden": 32,
  "seed_means": [
    0.66,
    0.675,
    0.7200000000000001,
    0.6849999999999999,
    0.705,
    0.67,
    0.7200000000000001,
    0.6849999999999999,
    0.71,
    0.725
  ],
  "mean_acc": 0.6955,
  "std_acc": 0.022186707732333798,
  "search_seeds": 3,
  "full_seeds": 10
}