{
  "dataset": "mit",
  "num_classes": 2,
  "best_lr": 0.01,
  "best_dropout": 0.3,
  "best_hidden": 64,
  "seed_means": [
    0.7836842105263159,
    0.6589473684210525,
    0.6421052631578947,
    0.6805263157894736,
    0.741578947368421,
    0.711578947368421,
    0.7326315789473684,
    0.6705263157894736,
    0.6778947368421052,
    0.7426315789473683
  ],
  "mean_acc": 0.7042105263157894,
  "std_acc": 0.04283059460006381,
  "search_seeds": 3,
  "full_seeds": 10
}