{
  "dataset": "tumblr",
  "num_classes": 2,
  "best_lr": 0.01,
  "best_dropout": 0.3,
  "best_hidden": 128,
  "seed_means": [
    0.5522522522522524,
    0.5788828828828829,
    0.5950990990990992,
    0.5792072072072072,
    0.5923963963963964,
    0.5602162162162162,
    0.5767207207207207,
    0.5978018018018018,
    0.5900900900900901,
    0.5765765765765766
  ],
  "mean_acc": 0.5799243243243244,
  "std_acc": 0.014092536365141085,
  "search_seeds": 3,
  "full_seeds": 10
}