{
  "param": "label_smoothing",
  "values": [
    0.0,
    0.05,
    0.1,
    0.15,
    0.2
  ],
  "datasets": {
    "infectious": {
      "values": [
        0.0,
        0.05,
        0.1,
        0.15,
        0.2
      ],
      "means": [
        0.715,
        0.6916666666666665,
        0.7083333333333334,
        0.7283333333333334,
        0.69
      ],
      "stds": [
        0.028577380332470457,
        0.029533408577782225,
        0.023213980461973517,
        0.019293061504650447,
        0.02943920288775957
      ],
      "default_val": 0.1
    },
    "dblp": {
      "values": [
        0.0,
        0.05,
        0.1,
        0.15,
        0.2
      ],
      "means": [
        0.9315673289183223,
        0.9320088300220751,
        0.9368653421633555,
        0.9342163355408388,
        0.9386313465783664
      ],
      "stds": [
        0.006149398797873795,
        0.00544319117259952,
        0.0012487536974596825,
        0.00330389173225071,
        0.00703636973532416
      ],
      "default_val": 0.1
    },
    "tumblr": {
      "values": [
        0.0,
        0.05,
        0.1,
        0.15,
        0.2
      ],
      "means": [
        0.570006006006006,
        0.571963963963964,
        0.5673993993993994,
        0.5547987987987987,
        0.5827507507507507
      ],
      "stds": [
        0.008303072508725784,
        0.017435781972124528,
        0.004562161529618072,
        0.01867033793093711,
        0.020934886593528237
      ],
      "default_val": 0.1
    },
    "mit": {
      "values": [
        0.0,
        0.05,
        0.1,
        0.15,
        0.2
      ],
      "means": [
        0.7387719298245615,
        0.7278947368421053,
        0.7008771929824561,
        0.7208771929824561,
        0.6738596491228069
      ],
      "stds": [
        0.06388807927009862,
        0.049542691701356875,
        0.02519117424972529,
        0.044750943769913246,
        0.07730016482315333
      ],
      "default_val": 0.1
    },
    "highschool": {
      "values": [
        0.0,
        0.05,
        0.1,
        0.15,
        0.2
      ],
      "means": [
        0.601851851851852,
        0.6018518518518517,
        0.6203703703703703,
        0.6240740740740741,
        0.5925925925925926
      ],
      "stds": [
        0.03343605571345889,
        0.020454372254050498,
        0.005237828008789274,
        0.0257933116244151,
        0.025793311624415033
      ],
      "default_val": 0.1
    }
  }
}