{
  "param": "gin_layers",
  "values": [
    1,
    2,
    3,
    4,
    5
  ],
  "datasets": {
    "infectious": {
      "values": [
        1,
        2,
        3,
        4,
        5
      ],
      "means": [
        0.745,
        0.715,
        0.6933333333333334,
        0.7000000000000001,
        0.6699999999999999
      ],
      "stds": [
        0.014719601443879671,
        0.03559026084010443,
        0.030092450142113005,
        0.004082482904638679,
        0.004082482904638679
      ],
      "default_val": 3
    },
    "dblp": {
      "values": [
        1,
        2,
        3,
        4,
        5
      ],
      "means": [
        0.9346578366445916,
        0.9381898454746137,
        0.935540838852097,
        0.9311258278145695,
        0.9364238410596025
      ],
      "stds": [
        0.003797936100239631,
        0.0016519458661254244,
        0.004370637941108863,
        0.006578218289515008,
        0.011393808300718738
      ],
      "default_val": 3
    },
    "tumblr": {
      "values": [
        1,
        2,
        3,
        4,
        5
      ],
      "means": [
        0.5809729729729729,
        0.5815735735735736,
        0.5738018018018018,
        0.5594234234234234,
        0.570990990990991
      ],
      "stds": [
        0.0064481348705011645,
        0.028456185183469648,
        0.023006763114067675,
        0.020534280696209856,
        0.0043546484316145575
      ],
      "default_val": 3
    },
    "mit": {
      "values": [
        1,
        2,
        3,
        4,
        5
      ],
      "means": [
        0.7078947368421052,
        0.6901754385964912,
        0.7045614035087718,
        0.7459649122807018,
        0.7189473684210527
      ],
      "stds": [
        0.010429378208913553,
        0.03352300607016476,
        0.04439879157292853,
        0.024970280888889678,
        0.08460106807967384
      ],
      "default_val": 3
    },
    "highschool": {
      "values": [
        1,
        2,
        3,
        4,
        5
      ],
      "means": [
        0.6351851851851852,
        0.6148148148148147,
        0.6333333333333333,
        0.6148148148148148,
        0.6111111111111112
      ],
      "stds": [
        0.022831162973959186,
        0.03464497580346244,
        0.01814436846506056,
        0.017173367584251295,
        0.01814436846506056
      ],
      "default_val": 3
    }
  }
}