{
  "param": "gin_hidden",
  "values": [
    16,
    32,
    64,
    128,
    256
  ],
  "datasets": {
    "infectious": {
      "values": [
        16,
        32,
        64,
        128,
        256
      ],
      "means": [
        0.7233333333333333,
        0.715,
        0.6866666666666666,
        0.67,
        0.685
      ],
      "stds": [
        0.02094967514996091,
        0.021602468994692835,
        0.024608038433722303,
        0.04262237284181473,
        0.01471960144387977
      ],
      "default_val": 64
    },
    "dblp": {
      "values": [
        16,
        32,
        64,
        128,
        256
      ],
      "means": [
        0.9346578366445916,
        0.9346578366445916,
        0.9368653421633555,
        0.9324503311258278,
        0.9315673289183223
      ],
      "stds": [
        0.002497507394919365,
        0.004995014789838677,
        0.00544319117259952,
        0.0037462610923790734,
        0.012155319998177629
      ],
      "default_val": 64
    },
    "tumblr": {
      "values": [
        16,
        32,
        64,
        128,
        256
      ],
      "means": [
        0.5915195195195195,
        0.5567567567567567,
        0.5620420420420421,
        0.5737177177177178,
        0.5645285285285285
      ],
      "stds": [
        0.010175925479742802,
        0.0031815282683203983,
        0.026066027317611436,
        0.018623934143866244,
        0.012032738874538968
      ],
      "default_val": 64
    },
    "mit": {
      "values": [
        16,
        32,
        64,
        128,
        256
      ],
      "means": [
        0.6812280701754387,
        0.7422807017543859,
        0.7150877192982458,
        0.7152631578947369,
        0.6947368421052631
      ],
      "stds": [
        0.06014192714264235,
        0.0295279367017112,
        0.042832175523547934,
        0.035104382008458036,
        0.012942089923865238
      ],
      "default_val": 64
    },
    "highschool": {
      "values": [
        16,
        32,
        64,
        128,
        256
      ],
      "means": [
        0.6203703703703703,
        0.6,
        0.5888888888888889,
        0.5796296296296296,
        0.6240740740740741
      ],
      "stds": [
        0.04850296612484735,
        0.004536092116265129,
        0.02974514519297959,
        0.01717336758425126,
        0.020454372254050453
      ],
      "default_val": 64
    }
  }
}