{
  "param": "lr",
  "values": [
    0.01,
    0.005,
    0.001,
    0.0005,
    0.0001
  ],
  "datasets": {
    "infectious": {
      "values": [
        0.01,
        0.005,
        0.001,
        0.0005,
        0.0001
      ],
      "means": [
        0.7183333333333334,
        0.6733333333333333,
        0.6683333333333333,
        0.6749999999999998,
        0.6566666666666666
      ],
      "stds": [
        0.004714045207910268,
        0.018408935028645455,
        0.015456030825826207,
        0.03240370349203933,
        0.006236095644623281
      ],
      "default_val": 0.001
    },
    "dblp": {
      "values": [
        0.01,
        0.005,
        0.001,
        0.0005,
        0.0001
      ],
      "means": [
        0.9355408388520972,
        0.9377483443708609,
        0.9324503311258279,
        0.9209713024282561,
        0.8799116997792495
      ],
      "stds": [
        0.0040943128015433275,
        0.00675366822992424,
        0.002162904850139619,
        0.0012487536974596825,
        0.004370637941108933
      ],
      "default_val": 0.001
    },
    "tumblr": {
      "values": [
        0.01,
        0.005,
        0.001,
        0.0005,
        0.0001
      ],
      "means": [
        0.579003003003003,
        0.5746186186186186,
        0.5728048048048048,
        0.5592912912912914,
        0.5763483483483484
      ],
      "stds": [
        0.005983163770042515,
        0.02730143511521586,
        0.0034995590551163843,
        0.019949482140986775,
        0.013786388757227715
      ],
      "default_val": 0.001
    },
    "mit": {
      "values": [
        0.01,
        0.005,
        0.001,
        0.0005,
        0.0001
      ],
      "means": [
        0.6807017543859649,
        0.7356140350877194,
        0.5785964912280702,
        0.6471929824561404,
        0.6226315789473683
      ],
      "stds": [
        0.03311284417516924,
        0.049485503129766774,
        0.04746838055980152,
        0.05101433422177635,
        0.03365404350900497
      ],
      "default_val": 0.001
    },
    "highschool": {
      "values": [
        0.01,
        0.005,
        0.001,
        0.0005,
        0.0001
      ],
      "means": [
        0.6296296296296297,
        0.6185185185185186,
        0.5666666666666667,
        0.5351851851851852,
        0.5296296296296297
      ],
      "stds": [
        0.011415581486979593,
        0.041902624070313886,
        0.015713484026367668,
        0.023277416833289884,
        0.018332398030762375
      ],
      "default_val": 0.001
    }
  }
}