{
  "param": "K_grid",
  "values": [
    1,
    5,
    10,
    15,
    20,
    25,
    30
  ],
  "datasets": {
    "dblp": {
      "values": [
        1,
        5,
        10,
        15,
        20,
        25,
        30
      ],
      "means": [
        0.924503311258278,
        0.9205298013245032,
        0.9183222958057394,
        0.913907284768212,
        0.9377483443708609,
        0.9245033112582782,
        0.9187637969094923
      ],
      "stds": [
        0.00216290485013971,
        0.004713941833126402,
        0.0012487536974597347,
        0.0010814524250698776,
        0.0057225083429650655,
        0.004955837598376084,
        0.0048765390804358846
      ],
      "default_val": 20
    },
    "infectious": {
      "values": [
        1,
        5,
        10,
        15,
        20,
        25,
        30
      ],
      "means": [
        0.7916666666666666,
        0.7450000000000001,
        0.6999999999999998,
        0.7549999999999999,
        0.745,
        0.7200000000000001,
        0.7566666666666667
      ],
      "stds": [
        0.020548046676563268,
        0.014719601443879708,
        0.04898979485566356,
        0.03240370349203933,
        0.014142135623730937,
        0.036285901761795435,
        0.011785113019775804
      ],
      "default_val": 20
    }
  }
}