{
  "param": "T_grid",
  "values": [
    10,
    15,
    20,
    25,
    30,
    35,
    40
  ],
  "datasets": {
    "dblp": {
      "values": [
        10,
        15,
        20,
        25,
        30,
        35,
        40
      ],
      "means": [
        0.9328918322295806,
        0.9245033112582782,
        0.9245033112582782,
        0.9245033112582782,
        0.9426048565121413,
        0.9253863134657836,
        0.9222958057395143
      ],
      "stds": [
        0.00499501478983873,
        0.010814524250698369,
        0.004955837598376084,
        0.01065107115392034,
        0.00660778346450141,
        0.009197645322737149,
        0.003476383167334131
      ],
      "default_val": 30
    },
    "infectious": {
      "values": [
        10,
        15,
        20,
        25,
        30,
        35,
        40
      ],
      "means": [
        0.7600000000000001,
        0.7216666666666667,
        0.7366666666666667,
        0.7200000000000001,
        0.6900000000000001,
        0.75,
        0.73
      ],
      "stds": [
        0.018708286933869715,
        0.012472191289246483,
        0.013123346456686344,
        0.04020779360604943,
        0.02549509756796391,
        0.02273030282830979,
        0.028284271247461978
      ],
      "default_val": 30
    }
  }
}