{
  "T_grid": {
    "dblp": {
      "values": [
        10,
        15,
        20,
        25,
        30,
        35,
        40
      ],
      "means": [
        0.9328918322295806,
        0.9245033112582782,
        0.9245033112582782,
        0.9245033112582782,
        0.9426048565121413,
        0.9253863134657836,
        0.9222958057395143
      ],
      "stds": [
        0.00499501478983873,
        0.010814524250698369,
        0.004955837598376084,
        0.01065107115392034,
        0.00660778346450141,
        0.009197645322737149,
        0.003476383167334131
      ],
      "default_val": 30
    },
    "infectious": {
      "values": [
        10,
        15,
        20,
        25,
        30,
        35,
        40
      ],
      "means": [
        0.7600000000000001,
        0.7216666666666667,
        0.7366666666666667,
        0.7200000000000001,
        0.6900000000000001,
        0.75,
        0.73
      ],
      "stds": [
        0.018708286933869715,
        0.012472191289246483,
        0.013123346456686344,
        0.04020779360604943,
        0.02549509756796391,
        0.02273030282830979,
        0.028284271247461978
      ],
      "default_val": 30
    }
  },
  "K_grid": {
    "dblp": {
      "values": [
        1,
        5,
        10,
        15,
        20,
        25,
        30
      ],
      "means": [
        0.924503311258278,
        0.9205298013245032,
        0.9183222958057394,
        0.913907284768212,
        0.9377483443708609,
        0.9245033112582782,
        0.9187637969094923
      ],
      "stds": [
        0.00216290485013971,
        0.004713941833126402,
        0.0012487536974597347,
        0.0010814524250698776,
        0.0057225083429650655,
        0.004955837598376084,
        0.0048765390804358846
      ],
      "default_val": 20
    },
    "infectious": {
      "values": [
        1,
        5,
        10,
        15,
        20,
        25,
        30
      ],
      "means": [
        0.7916666666666666,
        0.7450000000000001,
        0.6999999999999998,
        0.7549999999999999,
        0.745,
        0.7200000000000001,
        0.7566666666666667
      ],
      "stds": [
        0.020548046676563268,
        0.014719601443879708,
        0.04898979485566356,
        0.03240370349203933,
        0.014142135623730937,
        0.036285901761795435,
        0.011785113019775804
      ],
      "default_val": 20
    }
  },
  "min_persistence": {
    "dblp": {
      "values": [
        0.0,
        0.01,
        0.03,
        0.05,
        0.07,
        0.1,
        0.15
      ],
      "means": [
        0.9209713024282561,
        0.9196467991169976,
        0.9253863134657836,
        0.9373068432671082,
        0.9258278145695366,
        0.9306843267108166,
        0.9205298013245033
      ],
      "stds": [
        0.003797936100239618,
        0.00660778346450141,
        0.004094312801543392,
        0.002721595586299778,
        0.011393808300718788,
        0.005443191172599574,
        0.0021629048501396646
      ],
      "default_val": 0.05
    },
    "infectious": {
      "values": [
        0.0,
        0.01,
        0.03,
        0.05,
        0.07,
        0.1,
        0.15
      ],
      "means": [
        0.7733333333333334,
        0.7466666666666667,
        0.7200000000000001,
        0.6933333333333334,
        0.7016666666666667,
        0.6883333333333334,
        0.7216666666666667
      ],
      "stds": [
        0.020548046676563275,
        0.006236095644623301,
        0.010801234497346443,
        0.01649915822768613,
        0.013123346456686365,
        0.022484562605386737,
        0.03922867431979944
      ],
      "default_val": 0.05
    }
  },
  "gin_layers": {
    "infectious": {
      "values": [
        1,
        2,
        3,
        4,
        5
      ],
      "means": [
        0.745,
        0.715,
        0.6933333333333334,
        0.7000000000000001,
        0.6699999999999999
      ],
      "stds": [
        0.014719601443879671,
        0.03559026084010443,
        0.030092450142113005,
        0.004082482904638679,
        0.004082482904638679
      ],
      "default_val": 3
    },
    "dblp": {
      "values": [
        1,
        2,
        3,
        4,
        5
      ],
      "means": [
        0.9346578366445916,
        0.9381898454746137,
        0.935540838852097,
        0.9311258278145695,
        0.9364238410596025
      ],
      "stds": [
        0.003797936100239631,
        0.0016519458661254244,
        0.004370637941108863,
        0.006578218289515008,
        0.011393808300718738
      ],
      "default_val": 3
    },
    "tumblr": {
      "values": [
        1,
        2,
        3,
        4,
        5
      ],
      "means": [
        0.5809729729729729,
        0.5815735735735736,
        0.5738018018018018,
        0.5594234234234234,
        0.570990990990991
      ],
      "stds": [
        0.0064481348705011645,
        0.028456185183469648,
        0.023006763114067675,
        0.020534280696209856,
        0.0043546484316145575
      ],
      "default_val": 3
    },
    "mit": {
      "values": [
        1,
        2,
        3,
        4,
        5
      ],
      "means": [
        0.7078947368421052,
        0.6901754385964912,
        0.7045614035087718,
        0.7459649122807018,
        0.7189473684210527
      ],
      "stds": [
        0.010429378208913553,
        0.03352300607016476,
        0.04439879157292853,
        0.024970280888889678,
        0.08460106807967384
      ],
      "default_val": 3
    },
    "highschool": {
      "values": [
        1,
        2,
        3,
        4,
        5
      ],
      "means": [
        0.6351851851851852,
        0.6148148148148147,
        0.6333333333333333,
        0.6148148148148148,
        0.6111111111111112
      ],
      "stds": [
        0.022831162973959186,
        0.03464497580346244,
        0.01814436846506056,
        0.017173367584251295,
        0.01814436846506056
      ],
      "default_val": 3
    }
  },
  "gin_hidden": {
    "infectious": {
      "values": [
        16,
        32,
        64,
        128,
        256
      ],
      "means": [
        0.7233333333333333,
        0.715,
        0.6866666666666666,
        0.67,
        0.685
      ],
      "stds": [
        0.02094967514996091,
        0.021602468994692835,
        0.024608038433722303,
        0.04262237284181473,
        0.01471960144387977
      ],
      "default_val": 64
    },
    "dblp": {
      "values": [
        16,
        32,
        64,
        128,
        256
      ],
      "means": [
        0.9346578366445916,
        0.9346578366445916,
        0.9368653421633555,
        0.9324503311258278,
        0.9315673289183223
      ],
      "stds": [
        0.002497507394919365,
        0.004995014789838677,
        0.00544319117259952,
        0.0037462610923790734,
        0.012155319998177629
      ],
      "default_val": 64
    },
    "tumblr": {
      "values": [
        16,
        32,
        64,
        128,
        256
      ],
      "means": [
        0.5915195195195195,
        0.5567567567567567,
        0.5620420420420421,
        0.5737177177177178,
        0.5645285285285285
      ],
      "stds": [
        0.010175925479742802,
        0.0031815282683203983,
        0.026066027317611436,
        0.018623934143866244,
        0.012032738874538968
      ],
      "default_val": 64
    },
    "mit": {
      "values": [
        16,
        32,
        64,
        128,
        256
      ],
      "means": [
        0.6812280701754387,
        0.7422807017543859,
        0.7150877192982458,
        0.7152631578947369,
        0.6947368421052631
      ],
      "stds": [
        0.06014192714264235,
        0.0295279367017112,
        0.042832175523547934,
        0.035104382008458036,
        0.012942089923865238
      ],
      "default_val": 64
    },