{
  "param": "dropout",
  "values": [
    0.0,
    0.1,
    0.2,
    0.3,
    0.5
  ],
  "datasets": {
    "infectious": {
      "values": [
        0.0,
        0.1,
        0.2,
        0.3,
        0.5
      ],
      "means": [
        0.7183333333333333,
        0.695,
        0.7233333333333333,
        0.7016666666666665,
        0.6916666666666668
      ],
      "stds": [
        0.009428090415820642,
        0.020412414523193124,
        0.004714045207910373,
        0.0493851079667635,
        0.009428090415820694
      ],
      "default_val": 0.3
    },
    "dblp": {
      "values": [
        0.0,
        0.1,
        0.2,
        0.3,
        0.5
      ],
      "means": [
        0.9408388520971301,
        0.9328918322295805,
        0.9165562913907285,
        0.8794701986754968,
        0.8295805739514348
      ],
      "stds": [
        0.005110744769443833,
        0.0033038917322507494,
        0.003746261092379047,
        0.02356970916563202,
        0.05745284923856083
      ],
      "default_val": 0.3
    },
    "tumblr": {
      "values": [
        0.0,
        0.1,
        0.2,
        0.3,
        0.5
      ],
      "means": [
        0.5744984984984985,
        0.5826306306306307,
        0.5744744744744744,
        0.5682402402402402,
        0.5646966966966968
      ],
      "stds": [
        0.0077089233730556405,
        0.012869355967791438,
        0.020574574477172532,
        0.03219487685457526,
        0.04727523542851751
      ],
      "default_val": 0.3
    },
    "mit": {
      "values": [
        0.0,
        0.1,
        0.2,
        0.3,
        0.5
      ],
      "means": [
        0.6736842105263158,
        0.7261403508771931,
        0.6875438596491228,
        0.7187719298245615,
        0.7175438596491229
      ],
      "stds": [
        0.02419144938719816,
        0.03056057766725145,
        0.047824960418461286,
        0.05086388210630379,
        0.034806769948185615
      ],
      "default_val": 0.3
    },
    "highschool": {
      "values": [
        0.0,
        0.1,
        0.2,
        0.3,
        0.5
      ],
      "means": [
        0.6092592592592593,
        0.6055555555555556,
        0.638888888888889,
        0.6277777777777778,
        0.5925925925925926
      ],
      "stds": [
        0.02498284733931861,
        0.004536092116265174,
        0.004536092116265129,
        0.020786985482077528,
        0.03020278968574088
      ],
      "default_val": 0.3
    }
  }
}