{
  "param": "weight_decay",
  "values": [
    0.0,
    1e-05,
    0.0001,
    0.001
  ],
  "datasets": {
    "infectious": {
      "values": [
        0.0,
        1e-05,
        0.0001,
        0.001
      ],
      "means": [
        0.6916666666666668,
        0.7200000000000001,
        0.7000000000000001,
        0.7183333333333333
      ],
      "stds": [
        0.04766783215358369,
        0.01080123449734646,
        0.01080123449734646,
        0.02094967514996091
      ],
      "default_val": 0.0001
    },
    "dblp": {
      "values": [
        0.0,
        1e-05,
        0.0001,
        0.001
      ],
      "means": [
        0.9355408388520972,
        0.9350993377483444,
        0.9275938189845473,
        0.9386313465783664
      ],
      "stds": [
        0.00544319117259961,
        0.0060212722723999735,
        0.008674120399288582,
        0.0016519458661254144
      ],
      "default_val": 0.0001
    },
    "tumblr": {
      "values": [
        0.0,
        1e-05,
        0.0001,
        0.001
      ],
      "means": [
        0.562042042042042,
        0.5657177177177177,
        0.5655255255255255,
        0.5726606606606607
      ],
      "stds": [
        0.0032328607030402317,
        0.024929130221603785,
        0.011577099655943644,
        0.0068984515421016196
      ],
      "default_val": 0.0001
    },
    "mit": {
      "values": [
        0.0,
        1e-05,
        0.0001,
        0.001
      ],
      "means": [
        0.7275438596491227,
        0.7045614035087718,
        0.6829824561403509,
        0.6907017543859649
      ],
      "stds": [
        0.02927354773693825,
        0.05963622151502989,
        0.06227798363230974,
        0.023671861627958406
      ],
      "default_val": 0.0001
    },
    "highschool": {
      "values": [
        0.0,
        1e-05,
        0.0001,
        0.001
      ],
      "means": [
        0.612962962962963,
        0.5981481481481482,
        0.5907407407407407,
        0.6092592592592593
      ],
      "stds": [
        0.017173367584251305,
        0.02498284733931864,
        0.017173367584251274,
        0.017173367584251295
      ],
      "default_val": 0.0001
    }
  }
}