{
  "param": "min_persistence",
  "values": [
    0.0,
    0.01,
    0.03,
    0.05,
    0.07,
    0.1,
    0.15
  ],
  "datasets": {
    "dblp": {
      "values": [
        0.0,
        0.01,
        0.03,
        0.05,
        0.07,
        0.1,
        0.15
      ],
      "means": [
        0.9209713024282561,
        0.9196467991169976,
        0.9253863134657836,
        0.9373068432671082,
        0.9258278145695366,
        0.9306843267108166,
        0.9205298013245033
      ],
      "stds": [
        0.003797936100239618,
        0.00660778346450141,
        0.004094312801543392,
        0.002721595586299778,
        0.011393808300718788,
        0.005443191172599574,
        0.0021629048501396646
      ],
      "default_val": 0.05
    },
    "infectious": {
      "values": [
        0.0,
        0.01,
        0.03,
        0.05,
        0.07,
        0.1,
        0.15
      ],
      "means": [
        0.7733333333333334,
        0.7466666666666667,
        0.7200000000000001,
        0.6933333333333334,
        0.7016666666666667,
        0.6883333333333334,
        0.7216666666666667
      ],
      "stds": [
        0.020548046676563275,
        0.006236095644623301,
        0.010801234497346443,
        0.01649915822768613,
        0.013123346456686365,
        0.022484562605386737,
        0.03922867431979944
      ],
      "default_val": 0.05
    }
  }
}