{
  "dataset": "tumblr",
  "num_classes": 2,
  "seeds": [
    0,
    1,
    2,
    3,
    4
  ],
  "variants": {
    "full": {
      "label": "Full TCBG",
      "mean": 0.5657369369369369,
      "std": 0.015190416416710751,
      "seed_means": [
        0.5790630630630631,
        0.5416936936936937,
        0.5816936936936937,
        0.5711711711711711,
        0.5550630630630631
      ]
    },
    "no_global": {
      "label": "w/o Global Features",
      "mean": 0.5688504504504505,
      "std": 0.01872954174859845,
      "seed_means": [
        0.5763603603603603,
        0.5599279279279279,
        0.5952072072072072,
        0.5738738738738739,
        0.5388828828828828
      ]
    },
    "no_jk": {
      "label": "w/o JK-Max",
      "mean": 0.552872072072072,
      "std": 0.024300704180808073,
      "seed_means": [
        0.5388108108108108,
        0.5335855855855856,
        0.5471351351351351,
        0.5442522522522523,
        0.6005765765765766
      ]
    },
    "no_curvature": {
      "label": "w/o Curvature \u03ba (K=1)",
      "mean": 0.5977945945945946,
      "std": 0.009726189546138403,
      "seed_means": [
        0.6138378378378379,
        0.5843963963963964,
        0.5924324324324324,
        0.6005045045045045,
        0.5978018018018019
      ]
    },
    "no_global_no_jk": {
      "label": "w/o Global + JK-Max",
      "mean": 0.5248864864864865,
      "std": 0.02262585133443751,
      "seed_means": [
        0.5093693693693693,
        0.4904144144144144,
        0.5549189189189189,
        0.5310270270270271,
        0.5387027027027027
      ]
    },
    "k_grid_3": {
      "label": "K_grid=3 (near 1D)",
      "mean": 0.5973333333333333,
      "std": 0.01552792750977943,
      "seed_means": [
        0.5980540540540541,
        0.6192792792792793,
        0.5711711711711712,
        0.6031351351351352,
        0.595027027027027
      ]
    },
    "k_grid_10": {
      "label": "K_grid=10 (half)",
      "mean": 0.5775063063063064,
      "std": 0.01760452974593991,
      "seed_means": [
        0.5548828828828829,
        0.5922522522522523,
        0.5792792792792792,
        0.6005405405405405,
        0.5605765765765767
      ]
    },
    "h0_only": {
      "label": "H0 only (components)",
      "mean": 0.5819027027027027,
      "std": 0.01440577038114683,
      "seed_means": [
        0.5550990990990992,
        0.5870990990990992,
        0.5981981981981981,
        0.5870630630630631,
        0.5820540540540541
      ]
    },
    "h1_only": {
      "label": "H1 only (loops)",
      "mean": 0.5802234234234234,
      "std": 0.009194809092307082,
      "seed_means": [
        0.5843963963963964,
        0.5630630630630631,
        0.5845765765765765,
        0.5793153153153153,
        0.5897657657657657
      ]
    },
    "gin_1layer": {
      "label": "GIN depth=1",
      "mean": 0.580627027027027,
      "std": 0.01619907963409661,
      "seed_means": [
        0.5600720720720721,
        0.5841081081081081,
        0.6086486486486488,
        0.5711351351351351,
        0.5791711711711711
      ]
    },
    "gin_2layers": {
      "label": "GIN depth=2",
      "mean": 0.5945441441441441,
      "std": 0.013785723940473393,
      "seed_means": [
        0.5977297297297298,
        0.5924324324324324,
        0.570954954954955,
        0.5978738738738738,
        0.6137297297297297
      ]
    },
    "gin_4layers": {
      "label": "GIN depth=4",
      "mean": 0.5710486486486486,
      "std": 0.014456256387950527,
      "seed_means": [
        0.5655135135135134,
        0.5736576576576577,
        0.590018018018018,
        0.5791351351351351,
        0.5469189189189189
      ]
    },
    "no_label_smooth": {
      "label": "No label smoothing",
      "mean": 0.5668036036036035,
      "std": 0.013245846897333364,
      "seed_means": [
        0.5737657657657658,
        0.5415495495495495,
        0.5766126126126125,
        0.5764684684684686,
        0.5656216216216217
      ]
    },
    "no_scheduler": {
      "label": "No LR scheduler",
      "mean": 0.5881081081081081,
      "std": 0.013583167036853978,
      "seed_means": [
        0.6136936936936938,
        0.5843603603603603,
        0.5735495495495495,
        0.5816936936936936,
        0.5872432432432433
      ]
    }
  }
}