{
  "dataset": "infectious",
  "num_classes": 2,
  "seeds": [
    0,
    1,
    2,
    3,
    4
  ],
  "variants": {
    "full": {
      "label": "Full TCBG",
      "mean": 0.698,
      "std": 0.019131126469709023,
      "seed_means": [
        0.6699999999999999,
        0.7,
        0.6849999999999999,
        0.7100000000000001,
        0.725
      ]
    },
    "no_global": {
      "label": "w/o Global Features",
      "mean": 0.666,
      "std": 0.023537204591879673,
      "seed_means": [
        0.68,
        0.6549999999999999,
        0.68,
        0.6900000000000001,
        0.625
      ]
    },
    "no_jk": {
      "label": "w/o JK-Max",
      "mean": 0.732,
      "std": 0.025806975801127834,
      "seed_means": [
        0.72,
        0.76,
        0.7000000000000001,
        0.7649999999999999,
        0.7150000000000001
      ]
    },
    "no_curvature": {
      "label": "w/o Curvature \u03ba (K=1)",
      "mean": 0.8,
      "std": 0.02121320343559638,
      "seed_means": [
        0.765,
        0.8299999999999998,
        0.8099999999999999,
        0.8,
        0.7949999999999999
      ]
    },
    "no_global_no_jk": {
      "label": "w/o Global + JK-Max",
      "mean": 0.673,
      "std": 0.025019992006393602,
      "seed_means": [
        0.695,
        0.6900000000000001,
        0.675,
        0.6799999999999999,
        0.625
      ]
    },
    "k_grid_3": {
      "label": "K_grid=3 (near 1D)",
      "mean": 0.764,
      "std": 0.01827566688249704,
      "seed_means": [
        0.77,
        0.755,
        0.7699999999999999,
        0.7899999999999999,
        0.735
      ]
    },
    "k_grid_10": {
      "label": "K_grid=10 (half)",
      "mean": 0.7220000000000001,
      "std": 0.016000000000000042,
      "seed_means": [
        0.705,
        0.72,
        0.7050000000000001,
        0.7450000000000001,
        0.7350000000000001
      ]
    },
    "h0_only": {
      "label": "H0 only (components)",
      "mean": 0.711,
      "std": 0.03088689042296101,
      "seed_means": [
        0.7550000000000001,
        0.665,
        0.725,
        0.6900000000000001,
        0.72
      ]
    },
    "h1_only": {
      "label": "H1 only (loops)",
      "mean": 0.725,
      "std": 0.006324555320336747,
      "seed_means": [
        0.7299999999999999,
        0.7150000000000001,
        0.72,
        0.7300000000000001,
        0.7300000000000001
      ]
    },
    "gin_1layer": {
      "label": "GIN depth=1",
      "mean": 0.758,
      "std": 0.012083045973594506,
      "seed_means": [
        0.7699999999999999,
        0.7749999999999999,
        0.7450000000000001,
        0.75,
        0.75
      ]
    },
    "gin_2layers": {
      "label": "GIN depth=2",
      "mean": 0.7290000000000001,
      "std": 0.024979991993593607,
      "seed_means": [
        0.775,
        0.7,
        0.72,
        0.73,
        0.7200000000000001
      ]
    },
    "gin_4layers": {
      "label": "GIN depth=4",
      "mean": 0.6990000000000001,
      "std": 0.011575836902790263,
      "seed_means": [
        0.685,
        0.7100000000000001,
        0.7050000000000001,
        0.7100000000000001,
        0.6849999999999999
      ]
    },
    "no_label_smooth": {
      "label": "No label smoothing",
      "mean": 0.6969999999999998,
      "std": 0.020880613017821112,
      "seed_means": [
        0.6599999999999999,
        0.7099999999999999,
        0.69,
        0.7050000000000001,
        0.72
      ]
    },
    "no_scheduler": {
      "label": "No LR scheduler",
      "mean": 0.721,
      "std": 0.030561413579872264,
      "seed_means": [
        0.6749999999999999,
        0.72,
        0.765,
        0.705,
        0.7399999999999999
      ]
    }
  }
}