{
  "dataset": "highschool",
  "num_classes": 2,
  "seeds": [
    0,
    1,
    2,
    3,
    4
  ],
  "variants": {
    "full": {
      "label": "Full TCBG",
      "mean": 0.6255555555555555,
      "std": 0.015947444549341445,
      "seed_means": [
        0.6166666666666667,
        0.611111111111111,
        0.6166666666666666,
        0.6555555555555554,
        0.6277777777777777
      ]
    },
    "no_global": {
      "label": "w/o Global Features",
      "mean": 0.6188888888888889,
      "std": 0.02757705254664636,
      "seed_means": [
        0.6388888888888888,
        0.5777777777777777,
        0.6555555555555556,
        0.6,
        0.6222222222222222
      ]
    },
    "no_jk": {
      "label": "w/o JK-Max",
      "mean": 0.5744444444444444,
      "std": 0.02689715208202263,
      "seed_means": [
        0.5611111111111111,
        0.5333333333333334,
        0.5722222222222222,
        0.611111111111111,
        0.5944444444444444
      ]
    },
    "no_curvature": {
      "label": "w/o Curvature \u03ba (K=1)",
      "mean": 0.5622222222222222,
      "std": 0.022054925823643542,
      "seed_means": [
        0.5722222222222222,
        0.5222222222222223,
        0.5555555555555556,
        0.5777777777777778,
        0.5833333333333333
      ]
    },
    "no_global_no_jk": {
      "label": "w/o Global + JK-Max",
      "mean": 0.5744444444444445,
      "std": 0.022662308949301237,
      "seed_means": [
        0.55,
        0.5666666666666667,
        0.5888888888888889,
        0.611111111111111,
        0.5555555555555556
      ]
    },
    "k_grid_3": {
      "label": "K_grid=3 (near 1D)",
      "mean": 0.6277777777777778,
      "std": 0.05588789484426353,
      "seed_means": [
        0.6722222222222223,
        0.6944444444444444,
        0.6277777777777777,
        0.611111111111111,
        0.5333333333333333
      ]
    },
    "k_grid_10": {
      "label": "K_grid=10 (half)",
      "mean": 0.5833333333333334,
      "std": 0.0427452979148252,
      "seed_means": [
        0.6444444444444445,
        0.6,
        0.6,
        0.55,
        0.5222222222222223
      ]
    },
    "h0_only": {
      "label": "H0 only (components)",
      "mean": 0.6488888888888888,
      "std": 0.03807075933113735,
      "seed_means": [
        0.6555555555555556,
        0.6722222222222223,
        0.6888888888888889,
        0.5777777777777778,
        0.65
      ]
    },
    "h1_only": {
      "label": "H1 only (loops)",
      "mean": 0.6133333333333334,
      "std": 0.01943650631615101,
      "seed_means": [
        0.6111111111111112,
        0.6,
        0.65,
        0.611111111111111,
        0.5944444444444444
      ]
    },
    "gin_1layer": {
      "label": "GIN depth=1",
      "mean": 0.6444444444444445,
      "std": 0.017213259316477426,
      "seed_means": [
        0.6277777777777778,
        0.638888888888889,
        0.6388888888888888,
        0.6388888888888888,
        0.6777777777777778
      ]
    },
    "gin_2layers": {
      "label": "GIN depth=2",
      "mean": 0.6144444444444445,
      "std": 0.019436506316151018,
      "seed_means": [
        0.65,
        0.6,
        0.5944444444444444,
        0.611111111111111,
        0.6166666666666667
      ]
    },
    "gin_4layers": {
      "label": "GIN depth=4",
      "mean": 0.6277777777777778,
      "std": 0.02652741419180739,
      "seed_means": [
        0.6277777777777778,
        0.6333333333333333,
        0.6666666666666667,
        0.5833333333333334,
        0.6277777777777777
      ]
    },
    "no_label_smooth": {
      "label": "No label smoothing",
      "mean": 0.5944444444444444,
      "std": 0.02408831487630976,
      "seed_means": [
        0.55,
        0.6166666666666667,
        0.6055555555555556,
        0.5888888888888889,
        0.611111111111111
      ]
    },
    "no_scheduler": {
      "label": "No LR scheduler",
      "mean": 0.5944444444444444,
      "std": 0.018257418583505512,
      "seed_means": [
        0.5944444444444444,
        0.6166666666666667,
        0.5833333333333333,
        0.611111111111111,
        0.5666666666666668
      ]
    }
  }
}