{
  "dataset": "dblp",
  "num_classes": 2,
  "seeds": [
    0,
    1,
    2,
    3,
    4
  ],
  "variants": {
    "full": {
      "label": "Full TCBG",
      "mean": 0.9369536423841058,
      "std": 0.0030892460370041076,
      "seed_means": [
        0.9324503311258278,
        0.9364238410596026,
        0.9350993377483444,
        0.9403973509933774,
        0.9403973509933774
      ]
    },
    "no_global": {
      "label": "w/o Global Features",
      "mean": 0.8845033112582781,
      "std": 0.005827814569536446,
      "seed_means": [
        0.8874172185430463,
        0.8900662251655629,
        0.8781456953642384,
        0.8900662251655629,
        0.87682119205298
      ]
    },
    "no_jk": {
      "label": "w/o JK-Max",
      "mean": 0.9393377483443709,
      "std": 0.005324437415163385,
      "seed_means": [
        0.9417218543046358,
        0.9470198675496688,
        0.9311258278145695,
        0.9364238410596026,
        0.9403973509933776
      ]
    },
    "no_curvature": {
      "label": "w/o Curvature \u03ba (K=1)",
      "mean": 0.9229139072847682,
      "std": 0.006178492074008309,
      "seed_means": [
        0.9152317880794701,
        0.9205298013245035,
        0.9205298013245032,
        0.9337748344370862,
        0.9245033112582781
      ]
    },
    "no_global_no_jk": {
      "label": "w/o Global + JK-Max",
      "mean": 0.8845033112582781,
      "std": 0.005122934994917525,
      "seed_means": [
        0.8821192052980132,
        0.8887417218543046,
        0.8754966887417218,
        0.8887417218543046,
        0.8874172185430463
      ]
    },
    "k_grid_3": {
      "label": "K_grid=3 (near 1D)",
      "mean": 0.935364238410596,
      "std": 0.006401613760844807,
      "seed_means": [
        0.9364238410596026,
        0.9364238410596026,
        0.9231788079470199,
        0.9417218543046358,
        0.9390728476821192
      ]
    },
    "k_grid_10": {
      "label": "K_grid=10 (half)",
      "mean": 0.9258278145695364,
      "std": 0.004955837598376107,
      "seed_means": [
        0.9337748344370862,
        0.919205298013245,
        0.9284768211920529,
        0.9245033112582781,
        0.9231788079470199
      ]
    },
    "h0_only": {
      "label": "H0 only (components)",
      "mean": 0.9247682119205297,
      "std": 0.006456189460637839,
      "seed_means": [
        0.9298013245033113,
        0.9231788079470198,
        0.9218543046357617,
        0.9152317880794701,
        0.933774834437086
      ]
    },
    "h1_only": {
      "label": "H1 only (loops)",
      "mean": 0.8990728476821193,
      "std": 0.007650081630831114,
      "seed_means": [
        0.9046357615894041,
        0.8927152317880795,
        0.8874172185430463,
        0.9072847682119207,
        0.9033112582781456
      ]
    },
    "gin_1layer": {
      "label": "GIN depth=1",
      "mean": 0.9398675496688742,
      "std": 0.006521077417266821,
      "seed_means": [
        0.9496688741721855,
        0.9390728476821192,
        0.9298013245033113,
        0.937748344370861,
        0.9430463576158938
      ]
    },
    "gin_2layers": {
      "label": "GIN depth=2",
      "mean": 0.9401324503311258,
      "std": 0.0021192052980132103,
      "seed_means": [
        0.9430463576158941,
        0.9417218543046356,
        0.937748344370861,
        0.937748344370861,
        0.9403973509933774
      ]
    },
    "gin_4layers": {
      "label": "GIN depth=4",
      "mean": 0.9372185430463575,
      "std": 0.005402934583939412,
      "seed_means": [
        0.9470198675496689,
        0.9311258278145695,
        0.933774834437086,
        0.9364238410596026,
        0.937748344370861
      ]
    },
    "no_label_smooth": {
      "label": "No label smoothing",
      "mean": 0.9345695364238409,
      "std": 0.005271456620432443,
      "seed_means": [
        0.937748344370861,
        0.9258278145695364,
        0.933774834437086,
        0.9417218543046358,
        0.9337748344370862
      ]
    },
    "no_scheduler": {
      "label": "No LR scheduler",
      "mean": 0.9329801324503311,
      "std": 0.004782905982852368,
      "seed_means": [
        0.9364238410596026,
        0.9311258278145695,
        0.9298013245033113,
        0.9403973509933774,
        0.9271523178807947
      ]
    }
  }
}