{
  "dataset": "mit",
  "num_classes": 2,
  "seeds": [
    0,
    1,
    2,
    3,
    4
  ],
  "variants": {
    "full": {
      "label": "Full TCBG",
      "mean": 0.6984210526315789,
      "std": 0.02918467324392327,
      "seed_means": [
        0.7410526315789474,
        0.7094736842105263,
        0.6710526315789475,
        0.71,
        0.6605263157894736
      ]
    },
    "no_global": {
      "label": "w/o Global Features",
      "mean": 0.7208421052631578,
      "std": 0.036462100385783354,
      "seed_means": [
        0.7631578947368423,
        0.7089473684210525,
        0.7226315789473684,
        0.6589473684210525,
        0.7505263157894737
      ]
    },
    "no_jk": {
      "label": "w/o JK-Max",
      "mean": 0.6883157894736842,
      "std": 0.03839783004025816,
      "seed_means": [
        0.7215789473684211,
        0.658421052631579,
        0.6815789473684211,
        0.638421052631579,
        0.741578947368421
      ]
    },
    "no_curvature": {
      "label": "w/o Curvature \u03ba (K=1)",
      "mean": 0.6905263157894737,
      "std": 0.047088059192958436,
      "seed_means": [
        0.6078947368421053,
        0.7126315789473685,
        0.6815789473684211,
        0.7505263157894737,
        0.7
      ]
    },
    "no_global_no_jk": {
      "label": "w/o Global + JK-Max",
      "mean": 0.6822105263157894,
      "std": 0.0334389094442379,
      "seed_means": [
        0.7421052631578947,
        0.6694736842105262,
        0.6815789473684212,
        0.6784210526315789,
        0.6394736842105264
      ]
    },
    "k_grid_3": {
      "label": "K_grid=3 (near 1D)",
      "mean": 0.7296842105263158,
      "std": 0.028061270517335663,
      "seed_means": [
        0.7536842105263158,
        0.7336842105263158,
        0.7531578947368421,
        0.6768421052631579,
        0.7310526315789473
      ]
    },
    "k_grid_10": {
      "label": "K_grid=10 (half)",
      "mean": 0.5937894736842105,
      "std": 0.05250025722137225,
      "seed_means": [
        0.5257894736842105,
        0.6373684210526316,
        0.5668421052631579,
        0.5684210526315789,
        0.6705263157894736
      ]
    },
    "h0_only": {
      "label": "H0 only (components)",
      "mean": 0.6416842105263159,
      "std": 0.07019671607253737,
      "seed_means": [
        0.7121052631578948,
        0.5678947368421052,
        0.7242105263157896,
        0.6484210526315789,
        0.5557894736842106
      ]
    },
    "h1_only": {
      "label": "H1 only (loops)",
      "mean": 0.6834736842105263,
      "std": 0.03248626387752554,
      "seed_means": [
        0.7131578947368421,
        0.6905263157894737,
        0.6921052631578947,
        0.7010526315789474,
        0.6205263157894737
      ]
    },
    "gin_1layer": {
      "label": "GIN depth=1",
      "mean": 0.6757894736842105,
      "std": 0.0602579864478388,
      "seed_means": [
        0.743157894736842,
        0.5647368421052631,
        0.6815789473684211,
        0.6784210526315789,
        0.7110526315789475
      ]
    },
    "gin_2layers": {
      "label": "GIN depth=2",
      "mean": 0.7087368421052632,
      "std": 0.024911144031395015,
      "seed_means": [
        0.7431578947368421,
        0.6794736842105265,
        0.6805263157894736,
        0.7205263157894737,
        0.72
      ]
    },
    "gin_4layers": {
      "label": "GIN depth=4",
      "mean": 0.7373684210526316,
      "std": 0.055652264241766995,
      "seed_means": [
        0.8042105263157895,
        0.6768421052631579,
        0.7136842105263158,
        0.6884210526315789,
        0.8036842105263158
      ]
    },
    "no_label_smooth": {
      "label": "No label smoothing",
      "mean": 0.6887368421052631,
      "std": 0.026380131867386903,
      "seed_means": [
        0.7336842105263159,
        0.6684210526315789,
        0.6605263157894737,
        0.6794736842105263,
        0.701578947368421
      ]
    },
    "no_scheduler": {
      "label": "No LR scheduler",
      "mean": 0.7013684210526316,
      "std": 0.00654496486598312,
      "seed_means": [
        0.7026315789473684,
        0.7005263157894737,
        0.6926315789473684,
        0.6984210526315789,
        0.7126315789473685
      ]
    }
  }
}