{
  "dataset": "dblp_ct1",
  "protocol": "StratifiedKFold(5) x 10 seeds",
  "seeds": [
    0,
    1,
    2,
    3,
    4,
    5,
    6,
    7,
    8,
    9
  ],
  "seed_means": [
    0.5350993377483444,
    0.5298013245033112,
    0.4927152317880795,
    0.5231788079470199,
    0.5284768211920529,
    0.5192052980132451,
    0.5218543046357615,
    0.5086092715231787,
    0.5337748344370861,
    0.5245033112582782
  ],
  "mean_acc": 0.5217218543046357,
  "std_acc": 0.01210236589299321,
  "best_lr": 0.01,
  "best_hidden": 16,
  "best_dropout": 0.5,
  "epochs": 100,
  "t3former_paper": 60.9,
  "tcbg_mean": 93.6,
  "tcbg_std": 0.48
}