{
  "facebook_ct1": {
    "dataset": "facebook_ct1",
    "protocol": "StratifiedKFold(5) x 10 seeds",
    "seeds": [
      0,
      1,
      2,
      3,
      4,
      5,
      6,
      7,
      8,
      9
    ],
    "seed_means": [
      0.5246231155778894,
      0.4874371859296482,
      0.5276381909547738,
      0.48341708542713563,
      0.5135678391959799,
      0.4894472361809045,
      0.528643216080402,
      0.5256281407035177,
      0.48040201005025124,
      0.48442211055276385
    ],
    "mean_acc": 0.5045226130653266,
    "std_acc": 0.019994696400404292,
    "best_lr": 0.005,
    "best_hidden": 32,
    "best_dropout": 0.3,
    "epochs": 100,
    "t3former_paper": 0,
    "tcbg_mean": 0,
    "tcbg_std": 0
  }
}