{
  "dataset": "highschool_ct1",
  "protocol": "StratifiedKFold(5) x 10 seeds",
  "seeds": [
    0,
    1,
    2,
    3,
    4,
    5,
    6,
    7,
    8,
    9
  ],
  "seed_means": [
    0.5333333333333333,
    0.6222222222222221,
    0.5611111111111111,
    0.5444444444444445,
    0.5277777777777779,
    0.5277777777777779,
    0.5,
    0.5055555555555556,
    0.5611111111111111,
    0.5111111111111112
  ],
  "mean_acc": 0.5394444444444445,
  "std_acc": 0.03410676772926846,
  "best_lr": 0.005,
  "best_hidden": 32,
  "best_dropout": 0.3,
  "epochs": 100,
  "t3former_paper": 67.2,
  "tcbg_mean": 56.83,
  "tcbg_std": 3.99
}