{
  "dataset": "infectious_ct1",
  "protocol": "StratifiedKFold(5) x 10 seeds",
  "seeds": [
    0,
    1,
    2,
    3,
    4,
    5,
    6,
    7,
    8,
    9
  ],
  "seed_means": [
    0.465,
    0.445,
    0.485,
    0.495,
    0.49000000000000005,
    0.4800000000000001,
    0.48500000000000004,
    0.49000000000000005,
    0.5050000000000001,
    0.4699999999999999
  ],
  "mean_acc": 0.48100000000000004,
  "std_acc": 0.01624807680927194,
  "best_lr": 0.005,
  "best_hidden": 32,
  "best_dropout": 0.3,
  "epochs": 100,
  "t3former_paper": 68.5,
  "tcbg_mean": 69.55,
  "tcbg_std": 2.22
}