{
  "dataset": "mit_ct1",
  "protocol": "StratifiedKFold(5) x 10 seeds",
  "seeds": [
    0,
    1,
    2,
    3,
    4,
    5,
    6,
    7,
    8,
    9
  ],
  "seed_means": [
    0.5352631578947368,
    0.5942105263157895,
    0.5389473684210526,
    0.4731578947368421,
    0.5878947368421052,
    0.5889473684210527,
    0.6178947368421052,
    0.5978947368421053,
    0.4852631578947369,
    0.5868421052631578
  ],
  "mean_acc": 0.5606315789473684,
  "std_acc": 0.047405716312045855,
  "best_lr": 0.005,
  "best_hidden": 32,
  "best_dropout": 0.3,
  "epochs": 100,
  "t3former_paper": 73.16,
  "tcbg_mean": 70.42,
  "tcbg_std": 4.28
}