{
  "dataset": "tumblr_ct1",
  "protocol": "StratifiedKFold(5) x 10 seeds",
  "seeds": [
    0,
    1,
    2,
    3,
    4,
    5,
    6,
    7,
    8,
    9
  ],
  "seed_means": [
    0.49592792792792795,
    0.460936936936937,
    0.4718918918918919,
    0.4904864864864865,
    0.512,
    0.5012252252252252,
    0.48003603603603606,
    0.4987027027027027,
    0.4931531531531531,
    0.49333333333333335
  ],
  "mean_acc": 0.4897693693693693,
  "std_acc": 0.01418973955746575,
  "best_lr": 0.005,
  "best_hidden": 32,
  "best_dropout": 0.3,
  "epochs": 100,
  "t3former_paper": 63.2,
  "tcbg_mean": 57.99,
  "tcbg_std": 1.41
}