{
  "dataset": "pems04",
  "task": "multi",
  "num_classes": 3,
  "seeds": [
    0,
    1,
    2,
    3,
    4,
    5,
    6,
    7,
    8,
    9
  ],
  "seed_accs": [
    0.920966936369993,
    0.8841774048546597,
    0.8968834282289482,
    0.8954450104884627,
    0.8926181200679253,
    0.888432724003596,
    0.9010388572570174,
    0.9039356707621616,
    0.8460793127559685,
    0.9222155628808311
  ],
  "mean_acc": 0.8951793027669563,
  "std_acc": 0.020233317003996738,
  "lr": 0.005,
  "h": 32,
  "drop": 0.3,
  "epochs": 30,
  "t3former_paper": 92.66
}