{
  "dataset": "pems08",
  "task": "binary",
  "num_classes": 2,
  "seeds": [
    0,
    1,
    2,
    3,
    4,
    5,
    6,
    7,
    8,
    9
  ],
  "seed_accs": [
    0.9596589878469072,
    0.9637493197895882,
    0.9449392345365499,
    0.9596771267912209,
    0.9516415744603665,
    0.9489570107019771,
    0.9596952657355342,
    0.9664248140758207,
    0.9462633774714313,
    0.9690640304734265
  ],
  "mean_acc": 0.9570070741882823,
  "std_acc": 0.008096678197982944,
  "lr": 0.005,
  "h": 32,
  "drop": 0.3,
  "epochs": 30,
  "t3former_paper": 95.16
}