{
  "dataset": "pems04",
  "task": "binary",
  "num_classes": 2,
  "seeds": [
    0,
    1,
    2,
    3,
    4,
    5,
    6,
    7,
    8,
    9
  ],
  "seed_accs": [
    0.9689441614224353,
    0.9604435121366496,
    0.9589951053840775,
    0.9660873039656377,
    0.9491159724303266,
    0.9661172710018979,
    0.9421336529817201,
    0.9604734791729099,
    0.9533613025671761,
    0.9449405653780841
  ],
  "mean_acc": 0.9570612326440916,
  "std_acc": 0.008820820524717466,
  "lr": 0.005,
  "h": 32,
  "drop": 0.3,
  "epochs": 30,
  "t3former_paper": 96.76
}