{
  "dataset": "pems08",
  "task": "multi",
  "num_classes": 3,
  "seeds": [
    0,
    1,
    2,
    3,
    4,
    5,
    6,
    7,
    8,
    9
  ],
  "seed_accs": [
    0.9032378015599493,
    0.9193270451659714,
    0.9193542535824415,
    0.9072827861418465,
    0.9233810992200254,
    0.885788137130419,
    0.8776800290223109,
    0.9072918556140033,
    0.8924360602212952,
    0.9153092690005442
  ],
  "mean_acc": 0.9051088336658808,
  "std_acc": 0.014636373653544693,
  "lr": 0.005,
  "h": 32,
  "drop": 0.3,
  "epochs": 30,
  "t3former_paper": 89.65
}