{
  "dataset": "DynHCPActivity",
  "protocol": "70/10/20 \u00d7 10 seeds",
  "seeds": [
    0,
    1,
    2,
    3,
    4,
    5,
    6,
    7,
    8,
    9
  ],
  "seed_accs": [
    0.8723975822699799,
    0.8294157152451309,
    0.8945601074546675,
    0.880456682337139,
    0.8287441235728676,
    0.8522498321020819,
    0.8757555406312961,
    0.7850906648757555,
    0.8750839489590329,
    0.8764271323035594
  ],
  "mean_acc": 0.8570181329751512,
  "std_acc": 0.03163396393913042,
  "best_lr": 0.005,
  "best_hidden": 32,
  "best_dropout": 0.3,
  "epochs": 50,
  "t3former_paper": 90.76
}