{
  "dataset": "DynHCPAge",
  "protocol": "70/10/20 \u00d7 10 seeds",
  "seeds": [
    0,
    1,
    2,
    3,
    4,
    5,
    6,
    7,
    8,
    9
  ],
  "seed_accs": [
    0.3832,
    0.3785,
    0.4019,
    0.4299,
    0.3879,
    0.3505,
    0.3318,
    0.4206,
    0.4252,
    0.4159
  ],
  "mean_acc": 0.39254,
  "std_acc": 0.031057533707620766,
  "best_lr": 0.005,
  "best_hidden": 32,
  "best_dropout": 0.3,
  "epochs": 50,
  "t3former_paper": 58.73
}