{
  "dataset": "DynHCPGender",
  "protocol": "70/10/20 \u00d7 10 seeds",
  "seeds": [
    0,
    1,
    2,
    3,
    4,
    5,
    6,
    7,
    8,
    9
  ],
  "seed_accs": [
    0.5138888888888888,
    0.6759259259259259,
    0.5833333333333334,
    0.5648148148148148,
    0.6481481481481481,
    0.6018518518518519,
    0.6990740740740741,
    0.6388888888888888,
    0.6620370370370371,
    0.5138888888888888
  ],
  "mean_acc": 0.6101851851851852,
  "std_acc": 0.062106097547162994,
  "best_lr": 0.005,
  "best_hidden": 32,
  "best_dropout": 0.3,
  "epochs": 50,
  "t3former_paper": 75.79
}