{
  "dataset": "tumblr",
  "num_classes": 2,
  "seeds": [
    0,
    1,
    2,
    3,
    4
  ],
  "variants": {
    "full": {
      "label": "Full TCBG",
      "mean": 0.5693765765765765,
      "std": 0.012740935880962541,
      "seed_means": [
        0.5523963963963964,
        0.5706666666666667,
        0.5738378378378377,
        0.5898018018018019,
        0.5601801801801802
      ]
    },
    "no_global": {
      "label": "w/o Global Features",
      "mean": 0.5623783783783785,
      "std": 0.015790232752220246,
      "seed_means": [
        0.5790990990990992,
        0.5492252252252252,
        0.5602522522522523,
        0.5418018018018017,
        0.5815135135135134
      ]
    },
    "no_jk": {
      "label": "w/o JK-Max",
      "mean": 0.5495567567567567,
      "std": 0.01549856914833261,
      "seed_means": [
        0.5415855855855856,
        0.536108108108108,
        0.5335495495495495,
        0.5682522522522523,
        0.5682882882882884
      ]
    },
    "no_curvature": {
      "label": "w/o Curvature \u03ba (K=1)",
      "mean": 0.6005549549549549,
      "std": 0.012980490314486583,
      "seed_means": [
        0.6058378378378377,
        0.5977297297297298,
        0.6192432432432432,
        0.6007927927927927,
        0.5791711711711711
      ]
    },
    "no_global_no_jk": {
      "label": "w/o Global + JK-Max",
      "mean": 0.5275243243243243,
      "std": 0.012484464040675684,
      "seed_means": [
        0.5388468468468469,
        0.5197477477477477,
        0.5387747747747748,
        0.5068108108108108,
        0.5334414414414416
      ]
    },
    "k_grid_3": {
      "label": "K_grid=3 (near 1D)",
      "mean": 0.5989405405405405,
      "std": 0.035238280385294356,
      "seed_means": [
        0.6434234234234234,
        0.6354594594594595,
        0.5898738738738739,
        0.5523243243243243,
        0.5736216216216216
      ]
    },
    "k_grid_10": {
      "label": "K_grid=10 (half)",
      "mean": 0.5684324324324325,
      "std": 0.026536756854016554,
      "seed_means": [
        0.6030630630630631,
        0.5417297297297298,
        0.5846846846846848,
        0.5334054054054055,
        0.5792792792792794
      ]
    },
    "h0_only": {
      "label": "H0 only (components)",
      "mean": 0.5625657657657658,
      "std": 0.016169613114733864,
      "seed_means": [
        0.5521081081081081,
        0.5629909909909909,
        0.5418738738738738,
        0.5657297297297298,
        0.5901261261261261
      ]
    },
    "h1_only": {
      "label": "H1 only (loops)",
      "mean": 0.5823567567567568,
      "std": 0.02551293937359803,
      "seed_means": [
        0.6060180180180181,
        0.6191351351351351,
        0.5713153153153152,
        0.5575135135135134,
        0.5578018018018017
      ]
    },
    "gin_1layer": {
      "label": "GIN depth=1",
      "mean": 0.5870342342342342,
      "std": 0.026552180832383657,
      "seed_means": [
        0.6000360360360361,
        0.6111351351351351,
        0.5683243243243243,
        0.6114234234234235,
        0.5442522522522524
      ]
    },
    "gin_2layers": {
      "label": "GIN depth=2",
      "mean": 0.5736648648648648,
      "std": 0.005051188023266631,
      "seed_means": [
        0.5738378378378379,
        0.5817657657657658,
        0.5658018018018018,
        0.5734054054054054,
        0.5735135135135134
      ]
    },
    "gin_4layers": {
      "label": "GIN depth=4",
      "mean": 0.5768648648648649,
      "std": 0.014676606411181094,
      "seed_means": [
        0.5735495495495495,
        0.5519279279279279,
        0.5952432432432432,
        0.5764324324324325,
        0.5871711711711712
      ]
    },
    "no_label_smooth": {
      "label": "No label smoothing",
      "mean": 0.561427027027027,
      "std": 0.011379757964199242,
      "seed_means": [
        0.5415135135135135,
        0.5601801801801802,
        0.5738738738738738,
        0.5604684684684684,
        0.5710990990990992
      ]
    },
    "no_scheduler": {
      "label": "No LR scheduler",
      "mean": 0.5812612612612613,
      "std": 0.014741549105395378,
      "seed_means": [
        0.5683243243243243,
        0.5628108108108109,
        0.5792072072072072,
        0.6007567567567568,
        0.5952072072072072
      ]
    }
  }
}