{
  "dataset": "infectious",
  "num_classes": 2,
  "seeds": [
    0,
    1,
    2,
    3,
    4
  ],
  "variants": {
    "full": {
      "label": "Full TCBG",
      "mean": 0.692,
      "std": 0.028913664589601935,
      "seed_means": [
        0.6849999999999999,
        0.675,
        0.6599999999999999,
        0.745,
        0.6950000000000001
      ]
    },
    "no_global": {
      "label": "w/o Global Features",
      "mean": 0.655,
      "std": 0.024083189157584586,
      "seed_means": [
        0.6799999999999999,
        0.67,
        0.61,
        0.6599999999999999,
        0.6549999999999999
      ]
    },
    "no_jk": {
      "label": "w/o JK-Max",
      "mean": 0.732,
      "std": 0.016,
      "seed_means": [
        0.7549999999999999,
        0.71,
        0.725,
        0.7450000000000001,
        0.725
      ]
    },
    "no_curvature": {
      "label": "w/o Curvature \u03ba (K=1)",
      "mean": 0.788,
      "std": 0.010295630140986995,
      "seed_means": [
        0.78,
        0.805,
        0.78,
        0.78,
        0.7949999999999999
      ]
    },
    "no_global_no_jk": {
      "label": "w/o Global + JK-Max",
      "mean": 0.6859999999999999,
      "std": 0.018814887722226784,
      "seed_means": [
        0.705,
        0.6599999999999999,
        0.71,
        0.675,
        0.6799999999999999
      ]
    },
    "k_grid_3": {
      "label": "K_grid=3 (near 1D)",
      "mean": 0.748,
      "std": 0.02541653005427769,
      "seed_means": [
        0.735,
        0.74,
        0.7499999999999999,
        0.72,
        0.795
      ]
    },
    "k_grid_10": {
      "label": "K_grid=10 (half)",
      "mean": 0.7150000000000001,
      "std": 0.04230839160261234,
      "seed_means": [
        0.725,
        0.775,
        0.74,
        0.675,
        0.66
      ]
    },
    "h0_only": {
      "label": "H0 only (components)",
      "mean": 0.718,
      "std": 0.033406586176980155,
      "seed_means": [
        0.7050000000000001,
        0.6849999999999999,
        0.775,
        0.69,
        0.735
      ]
    },
    "h1_only": {
      "label": "H1 only (loops)",
      "mean": 0.702,
      "std": 0.030757112998459398,
      "seed_means": [
        0.74,
        0.7,
        0.7300000000000001,
        0.685,
        0.655
      ]
    },
    "gin_1layer": {
      "label": "GIN depth=1",
      "mean": 0.7279999999999999,
      "std": 0.014352700094407376,
      "seed_means": [
        0.745,
        0.74,
        0.7049999999999998,
        0.72,
        0.7300000000000001
      ]
    },
    "gin_2layers": {
      "label": "GIN depth=2",
      "mean": 0.7030000000000001,
      "std": 0.006782329983125262,
      "seed_means": [
        0.7100000000000001,
        0.705,
        0.6900000000000001,
        0.705,
        0.7050000000000001
      ]
    },
    "gin_4layers": {
      "label": "GIN depth=4",
      "mean": 0.7,
      "std": 0.016431676725154977,
      "seed_means": [
        0.7,
        0.67,
        0.7,
        0.7150000000000001,
        0.715
      ]
    },
    "no_label_smooth": {
      "label": "No label smoothing",
      "mean": 0.725,
      "std": 0.023874672772626667,
      "seed_means": [
        0.71,
        0.695,
        0.735,
        0.765,
        0.72
      ]
    },
    "no_scheduler": {
      "label": "No LR scheduler",
      "mean": 0.694,
      "std": 0.011999999999999985,
      "seed_means": [
        0.71,
        0.68,
        0.7,
        0.7,
        0.6799999999999999
      ]
    }
  }
}