{
  "dataset": "mit",
  "num_classes": 2,
  "seeds": [
    0,
    1,
    2,
    3,
    4
  ],
  "variants": {
    "full": {
      "label": "Full TCBG",
      "mean": 0.6968421052631579,
      "std": 0.04181876210824427,
      "seed_means": [
        0.7636842105263157,
        0.6799999999999999,
        0.6810526315789474,
        0.7194736842105263,
        0.64
      ]
    },
    "no_global": {
      "label": "w/o Global Features",
      "mean": 0.6925263157894737,
      "std": 0.03156912127827676,
      "seed_means": [
        0.7231578947368421,
        0.6378947368421053,
        0.7021052631578947,
        0.6789473684210526,
        0.7205263157894736
      ]
    },
    "no_jk": {
      "label": "w/o JK-Max",
      "mean": 0.6966315789473685,
      "std": 0.0626679239967381,
      "seed_means": [
        0.7942105263157895,
        0.6268421052631579,
        0.7110526315789474,
        0.7210526315789474,
        0.63
      ]
    },
    "no_curvature": {
      "label": "w/o Curvature \u03ba (K=1)",
      "mean": 0.6541052631578947,
      "std": 0.026297677978027074,
      "seed_means": [
        0.6931578947368421,
        0.6305263157894737,
        0.62,
        0.6678947368421052,
        0.6589473684210526
      ]
    },
    "no_global_no_jk": {
      "label": "w/o Global + JK-Max",
      "mean": 0.6961052631578947,
      "std": 0.03735374063006503,
      "seed_means": [
        0.7105263157894737,
        0.741578947368421,
        0.6705263157894737,
        0.6373684210526316,
        0.7205263157894738
      ]
    },
    "k_grid_3": {
      "label": "K_grid=3 (near 1D)",
      "mean": 0.7048421052631578,
      "std": 0.03903744916965155,
      "seed_means": [
        0.6905263157894737,
        0.7321052631578947,
        0.6394736842105264,
        0.708421052631579,
        0.7536842105263158
      ]
    },
    "k_grid_10": {
      "label": "K_grid=10 (half)",
      "mean": 0.6064210526315789,
      "std": 0.03396821065614224,
      "seed_means": [
        0.6094736842105263,
        0.5878947368421052,
        0.6594736842105263,
        0.5568421052631579,
        0.618421052631579
      ]
    },
    "h0_only": {
      "label": "H0 only (components)",
      "mean": 0.662,
      "std": 0.04110711634073125,
      "seed_means": [
        0.7121052631578947,
        0.6205263157894737,
        0.6921052631578947,
        0.6068421052631578,
        0.6784210526315789
      ]
    },
    "h1_only": {
      "label": "H1 only (loops)",
      "mean": 0.6607368421052632,
      "std": 0.02638853104356359,
      "seed_means": [
        0.6915789473684211,
        0.6194736842105263,
        0.6721052631578948,
        0.6789473684210525,
        0.641578947368421
      ]
    },
    "gin_1layer": {
      "label": "GIN depth=1",
      "mean": 0.6738947368421051,
      "std": 0.08135255513594403,
      "seed_means": [
        0.8147368421052631,
        0.6373684210526316,
        0.5868421052631578,
        0.7110526315789474,
        0.6194736842105263
      ]
    },
    "gin_2layers": {
      "label": "GIN depth=2",
      "mean": 0.7111578947368422,
      "std": 0.04153482002173871,
      "seed_means": [
        0.7836842105263158,
        0.6994736842105264,
        0.6915789473684211,
        0.6589473684210526,
        0.7221052631578948
      ]
    },
    "gin_4layers": {
      "label": "GIN depth=4",
      "mean": 0.7189473684210526,
      "std": 0.019358120830939782,
      "seed_means": [
        0.7426315789473685,
        0.7100000000000001,
        0.6915789473684211,
        0.7110526315789473,
        0.7394736842105264
      ]
    },
    "no_label_smooth": {
      "label": "No label smoothing",
      "mean": 0.6718947368421053,
      "std": 0.05654464076189681,
      "seed_means": [
        0.7536842105263157,
        0.6178947368421053,
        0.5989473684210527,
        0.6989473684210525,
        0.69
      ]
    },
    "no_scheduler": {
      "label": "No LR scheduler",
      "mean": 0.6757894736842106,
      "std": 0.042595826463785916,
      "seed_means": [
        0.7442105263157894,
        0.6268421052631579,
        0.6710526315789473,
        0.6989473684210527,
        0.6378947368421052
      ]
    }
  }
}