{
  "dataset": "dblp",
  "num_classes": 2,
  "seeds": [
    0,
    1,
    2,
    3,
    4
  ],
  "variants": {
    "full": {
      "label": "Full TCBG",
      "mean": 0.9329801324503311,
      "std": 0.006732855643517203,
      "seed_means": [
        0.9403973509933774,
        0.9390728476821192,
        0.9218543046357617,
        0.9298013245033113,
        0.933774834437086
      ]
    },
    "no_global": {
      "label": "w/o Global Features",
      "mean": 0.8868874172185428,
      "std": 0.005594360816408713,
      "seed_means": [
        0.8887417218543046,
        0.8874172185430463,
        0.8781456953642384,
        0.895364238410596,
        0.8847682119205297
      ]
    },
    "no_jk": {
      "label": "w/o JK-Max",
      "mean": 0.9398675496688741,
      "std": 0.001982335039350343,
      "seed_means": [
        0.9430463576158938,
        0.937748344370861,
        0.9403973509933774,
        0.937748344370861,
        0.9403973509933774
      ]
    },
    "no_curvature": {
      "label": "w/o Curvature \u03ba (K=1)",
      "mean": 0.9199999999999999,
      "std": 0.003612763363439932,
      "seed_means": [
        0.9139072847682119,
        0.9178807947019868,
        0.9231788079470198,
        0.9231788079470199,
        0.9218543046357615
      ]
    },
    "no_global_no_jk": {
      "label": "w/o Global + JK-Max",
      "mean": 0.8866225165562914,
      "std": 0.005531288216641388,
      "seed_means": [
        0.8940397350993378,
        0.8874172185430463,
        0.87682119205298,
        0.8874172185430463,
        0.8874172185430463
      ]
    },
    "k_grid_3": {
      "label": "K_grid=3 (near 1D)",
      "mean": 0.9335099337748346,
      "std": 0.004464185310292115,
      "seed_means": [
        0.9390728476821193,
        0.932450331125828,
        0.9258278145695364,
        0.933774834437086,
        0.9364238410596026
      ]
    },
    "k_grid_10": {
      "label": "K_grid=10 (half)",
      "mean": 0.9213245033112581,
      "std": 0.004782905982852357,
      "seed_means": [
        0.9298013245033111,
        0.9205298013245032,
        0.9152317880794701,
        0.919205298013245,
        0.9218543046357617
      ]
    },
    "h0_only": {
      "label": "H0 only (components)",
      "mean": 0.9252980132450332,
      "std": 0.00506784807144604,
      "seed_means": [
        0.9258278145695364,
        0.9245033112582781,
        0.9245033112582781,
        0.933774834437086,
        0.9178807947019868
      ]
    },
    "h1_only": {
      "label": "H1 only (loops)",
      "mean": 0.9006622516556291,
      "std": 0.0040174174538022064,
      "seed_means": [
        0.9059602649006623,
        0.8993377483443709,
        0.895364238410596,
        0.8980132450331124,
        0.9046357615894041
      ]
    },
    "gin_1layer": {
      "label": "GIN depth=1",
      "mean": 0.938543046357616,
      "std": 0.002456587680926045,
      "seed_means": [
        0.9350993377483444,
        0.9403973509933776,
        0.9390728476821192,
        0.9364238410596026,
        0.9417218543046358
      ]
    },
    "gin_2layers": {
      "label": "GIN depth=2",
      "mean": 0.9369536423841058,
      "std": 0.005899617867899361,
      "seed_means": [
        0.9456953642384105,
        0.937748344370861,
        0.9298013245033111,
        0.9311258278145695,
        0.9403973509933774
      ]
    },
    "gin_4layers": {
      "label": "GIN depth=4",
      "mean": 0.9340397350993378,
      "std": 0.006774416875520203,
      "seed_means": [
        0.9231788079470199,
        0.9443708609271523,
        0.9324503311258278,
        0.9350993377483444,
        0.9350993377483443
      ]
    },
    "no_label_smooth": {
      "label": "No label smoothing",
      "mean": 0.9343046357615894,
      "std": 0.003413006285225229,
      "seed_means": [
        0.9350993377483443,
        0.9311258278145695,
        0.9298013245033111,
        0.9364238410596026,
        0.9390728476821192
      ]
    },
    "no_scheduler": {
      "label": "No LR scheduler",
      "mean": 0.9321854304635762,
      "std": 0.004694051694481957,
      "seed_means": [
        0.9390728476821192,
        0.9324503311258278,
        0.9245033112582781,
        0.9337748344370862,
        0.9311258278145695
      ]
    }
  }
}