{
  "facebook": {
    "full": {
      "label": "Full TCBG",
      "mean": 0.7031155778894472,
      "std": 0.019032957690477723,
      "seed_means": [
        0.6954773869346733,
        0.7366834170854272,
        0.6964824120603015,
        0.6793969849246231,
        0.7075376884422111
      ]
    },
    "no_global": {
      "label": "w/o Global Features",
      "mean": 0.5692462311557789,
      "std": 0.006593455062052964,
      "seed_means": [
        0.5628140703517588,
        0.5618090452261306,
        0.5698492462311557,
        0.5798994974874372,
        0.5718592964824121
      ]
    },
    "no_jk": {
      "label": "w/o JK-Max",
      "mean": 0.6701507537688443,
      "std": 0.01148370400569708,
      "seed_means": [
        0.6542713567839196,
        0.6743718592964825,
        0.6592964824120603,
        0.6844221105527638,
        0.6783919597989951
      ]
    },
    "no_curvature": {
      "label": "w/o Curvature \u03ba (K=1)",
      "mean": 0.7425125628140703,
      "std": 0.003561818119933563,
      "seed_means": [
        0.7417085427135678,
        0.7366834170854271,
        0.742713567839196,
        0.7477386934673367,
        0.7437185929648241
      ]
    },
    "no_global_no_jk": {
      "label": "w/o Global + JK-Max",
      "mean": 0.5587939698492461,
      "std": 0.011009498643319926,
      "seed_means": [
        0.5738693467336683,
        0.5658291457286432,
        0.5447236180904522,
        0.5477386934673366,
        0.5618090452261306
      ]
    },
    "k_grid_3": {
      "label": "K_grid=3 (near 1D)",
      "mean": 0.6894472361809045,
      "std": 0.015865396792499417,
      "seed_means": [
        0.7105527638190955,
        0.6914572864321608,
        0.6613065326633165,
        0.6934673366834171,
        0.6904522613065327
      ]
    },
    "k_grid_10": {
      "label": "K_grid=10 (half)",
      "mean": 0.6808040201005026,
      "std": 0.01847278831097571,
      "seed_means": [
        0.6723618090452261,
        0.7135678391959799,
        0.6572864321608041,
        0.6824120603015075,
        0.678391959798995
      ]
    },
    "h0_only": {
      "label": "H0 only (components)",
      "mean": 0.650251256281407,
      "std": 0.024879193482236453,
      "seed_means": [
        0.6472361809045226,
        0.6482412060301508,
        0.6130653266331658,
        0.6914572864321608,
        0.6512562814070352
      ]
    },
    "h1_only": {
      "label": "H1 only (loops)",
      "mean": 0.7807035175879395,
      "std": 0.0064006767148102744,
      "seed_means": [
        0.7869346733668341,
        0.7778894472361809,
        0.7698492462311558,
        0.7819095477386935,
        0.7869346733668341
      ]
    },
    "gin_1layer": {
      "label": "GIN depth=1",
      "mean": 0.7047236180904524,
      "std": 0.026303256768571814,
      "seed_means": [
        0.6683417085427136,
        0.6944723618090453,
        0.7045226130653266,
        0.749748743718593,
        0.7065326633165829
      ]
    },
    "gin_2layers": {
      "label": "GIN depth=2",
      "mean": 0.7099497487437185,
      "std": 0.01352272417411389,
      "seed_means": [
        0.6924623115577889,
        0.7175879396984924,
        0.6974874371859296,
        0.7125628140703517,
        0.7296482412060301
      ]
    },
    "gin_4layers": {
      "label": "GIN depth=4",
      "mean": 0.7089447236180905,
      "std": 0.022143420066605694,
      "seed_means": [
        0.7246231155778895,
        0.7236180904522614,
        0.6653266331658292,
        0.7155778894472362,
        0.7155778894472361
      ]
    },
    "no_label_smooth": {
      "label": "No label smoothing",
      "mean": 0.7001005025125628,
      "std": 0.022170772265528525,
      "seed_means": [
        0.6804020100502512,
        0.7296482412060301,
        0.6703517587939698,
        0.7175879396984925,
        0.7025125628140703
      ]
    },
    "no_scheduler": {
      "label": "No LR scheduler",
      "mean": 0.728643216080402,
      "std": 0.015321277588067948,
      "seed_means": [
        0.7306532663316583,
        0.7517587939698491,
        0.7206030150753768,
        0.7346733668341708,
        0.7055276381909547
      ]
    }
  }
}