{
  "dataset": "highschool",
  "num_classes": 2,
  "seeds": [
    0,
    1,
    2,
    3,
    4
  ],
  "variants": {
    "full": {
      "label": "Full TCBG",
      "mean": 0.6066666666666667,
      "std": 0.017708197167232514,
      "seed_means": [
        0.611111111111111,
        0.6055555555555555,
        0.6333333333333334,
        0.5777777777777777,
        0.6055555555555555
      ]
    },
    "no_global": {
      "label": "w/o Global Features",
      "mean": 0.6000000000000001,
      "std": 0.024343224778007422,
      "seed_means": [
        0.5833333333333333,
        0.6166666666666667,
        0.638888888888889,
        0.5722222222222222,
        0.5888888888888889
      ]
    },
    "no_jk": {
      "label": "w/o JK-Max",
      "mean": 0.611111111111111,
      "std": 0.04554200340426489,
      "seed_means": [
        0.6055555555555555,
        0.5611111111111111,
        0.5722222222222222,
        0.6277777777777779,
        0.6888888888888889
      ]
    },
    "no_curvature": {
      "label": "w/o Curvature \u03ba (K=1)",
      "mean": 0.5588888888888889,
      "std": 0.03193357302933313,
      "seed_means": [
        0.6055555555555556,
        0.5333333333333333,
        0.538888888888889,
        0.5277777777777778,
        0.5888888888888888
      ]
    },
    "no_global_no_jk": {
      "label": "w/o Global + JK-Max",
      "mean": 0.6033333333333333,
      "std": 0.04015402444353924,
      "seed_means": [
        0.5777777777777777,
        0.55,
        0.65,
        0.5888888888888888,
        0.65
      ]
    },
    "k_grid_3": {
      "label": "K_grid=3 (near 1D)",
      "mean": 0.6433333333333333,
      "std": 0.03189488909868295,
      "seed_means": [
        0.6666666666666666,
        0.6888888888888889,
        0.611111111111111,
        0.6444444444444445,
        0.6055555555555555
      ]
    },
    "k_grid_10": {
      "label": "K_grid=10 (half)",
      "mean": 0.5888888888888889,
      "std": 0.04331908597692874,
      "seed_means": [
        0.6444444444444445,
        0.5777777777777777,
        0.6333333333333333,
        0.5333333333333333,
        0.5555555555555556
      ]
    },
    "h0_only": {
      "label": "H0 only (components)",
      "mean": 0.6377777777777778,
      "std": 0.02444444444444447,
      "seed_means": [
        0.6277777777777778,
        0.65,
        0.6277777777777778,
        0.6777777777777778,
        0.6055555555555555
      ]
    },
    "h1_only": {
      "label": "H1 only (loops)",
      "mean": 0.6511111111111111,
      "std": 0.03170076137263799,
      "seed_means": [
        0.6277777777777778,
        0.6555555555555557,
        0.711111111111111,
        0.6333333333333333,
        0.6277777777777778
      ]
    },
    "gin_1layer": {
      "label": "GIN depth=1",
      "mean": 0.6433333333333333,
      "std": 0.020608041101101572,
      "seed_means": [
        0.6055555555555555,
        0.6611111111111111,
        0.638888888888889,
        0.65,
        0.6611111111111111
      ]
    },
    "gin_2layers": {
      "label": "GIN depth=2",
      "mean": 0.6177777777777778,
      "std": 0.031700761372638046,
      "seed_means": [
        0.6055555555555555,
        0.5888888888888888,
        0.6333333333333333,
        0.5888888888888889,
        0.6722222222222223
      ]
    },
    "gin_4layers": {
      "label": "GIN depth=4",
      "mean": 0.6311111111111111,
      "std": 0.008314794192830972,
      "seed_means": [
        0.6166666666666667,
        0.6277777777777778,
        0.6388888888888888,
        0.6333333333333333,
        0.638888888888889
      ]
    },
    "no_label_smooth": {
      "label": "No label smoothing",
      "mean": 0.6111111111111112,
      "std": 0.029606472432164996,
      "seed_means": [
        0.6666666666666667,
        0.6055555555555555,
        0.6,
        0.5777777777777777,
        0.6055555555555555
      ]
    },
    "no_scheduler": {
      "label": "No LR scheduler",
      "mean": 0.6233333333333333,
      "std": 0.02119864892037657,
      "seed_means": [
        0.6,
        0.6555555555555554,
        0.6277777777777779,
        0.5999999999999999,
        0.6333333333333333
      ]
    }
  }
}